wojewodztwo,powiat,liczba_nowych_zakazen,liczba_ponownych_zakazen,liczba_wszystkich_zakazen,liczba_nowych_zakazen_na_10_tys_mieszkancow,liczba_ponownych_zakazen_na_10_tys_mieszkancow,liczba_wszystkich_zakazen_na_10_tys_mieszkancow,zgony,zgony_w_wyniku_covid_bez_chorob_wspolistniejacych,zgony_w_wyniku_covid_i_chorob_wspolistniejacych,liczba_zlecen_poz,liczba_ozdrowiencow,liczba_osob_objetych_kwarantanna,liczba_wykonanych_testow,liczba_testow_z_wynikiem_pozytywnym,liczba_testow_z_wynikiem_negatywnym,liczba_pozostalych_testow,teryt,stan_rekordu_na
Cały kraj,Cały kraj,1897,752,2649,0.49,0.2,0.69,3,0,3,2128,0,0,4900,2701,2194,5,t0000,2024-09-17
dolnośląskie,bolesławiecki,3,3,6,0.33,0.33,0.67,0,0,0,0,0,0,21,6,15,0,t0201,2024-09-17
dolnośląskie,dzierżoniowski,0,6,6,0.0,0.6,0.6,0,0,0,6,0,0,14,6,8,0,t0202,2024-09-17
dolnośląskie,głogowski,3,4,7,0.34,0.45,0.79,0,0,0,2,0,0,18,7,11,0,t0203,2024-09-17
dolnośląskie,górowski,1,1,2,0.29,0.29,0.58,0,0,0,1,0,0,2,2,0,0,t0204,2024-09-17
dolnośląskie,jaworski,1,0,1,0.2,0.0,0.2,0,0,0,0,0,0,1,1,0,0,t0205,2024-09-17
dolnośląskie,jeleniogórski,4,1,5,0.63,0.16,0.79,0,0,0,6,0,0,12,5,7,0,t0206,2024-09-17
dolnośląskie,kamiennogórski,2,0,2,0.46,0.0,0.46,0,0,0,2,0,0,3,2,1,0,t0207,2024-09-17
dolnośląskie,kłodzki,2,1,3,0.13,0.06,0.19,0,0,0,1,0,0,3,3,0,0,t0208,2024-09-17
dolnośląskie,legnicki,1,0,1,0.18,0.0,0.18,0,0,0,1,0,0,1,1,0,0,t0209,2024-09-17
dolnośląskie,lubański,1,0,1,0.18,0.0,0.18,0,0,0,0,0,0,2,1,1,0,t0210,2024-09-17
dolnośląskie,lubiński,9,2,11,0.85,0.19,1.04,0,0,0,1,0,0,11,11,0,0,t0211,2024-09-17
dolnośląskie,lwówecki,1,0,1,0.22,0.0,0.22,0,0,0,1,0,0,2,1,1,0,t0212,2024-09-17
dolnośląskie,milicki,6,3,9,1.63,0.81,2.44,0,0,0,8,0,0,9,9,0,0,t0213,2024-09-17
dolnośląskie,oleśnicki,1,1,2,0.09,0.09,0.19,0,0,0,2,0,0,4,2,2,0,t0214,2024-09-17
dolnośląskie,oławski,1,1,2,0.13,0.13,0.26,0,0,0,0,0,0,2,2,0,0,t0215,2024-09-17
dolnośląskie,polkowicki,0,0,0,0.0,0.0,0.0,0,0,0,13,0,0,2,0,2,0,t0216,2024-09-17
dolnośląskie,strzeliński,2,1,3,0.46,0.23,0.69,0,0,0,2,0,0,3,3,0,0,t0217,2024-09-17
dolnośląskie,średzki,3,0,3,0.54,0.0,0.54,0,0,0,4,0,0,4,3,1,0,t0218,2024-09-17
dolnośląskie,świdnicki,4,1,5,0.26,0.06,0.32,0,0,0,1,0,0,12,5,7,0,t0219,2024-09-17
dolnośląskie,trzebnicki,2,0,2,0.23,0.0,0.23,0,0,0,2,0,0,3,2,1,0,t0220,2024-09-17
dolnośląskie,wałbrzyski,0,1,1,0.0,0.18,0.18,0,0,0,0,0,0,1,1,0,0,t0221,2024-09-17
dolnośląskie,wołowski,0,0,0,0.0,0.0,0.0,0,0,0,0,0,0,0,0,0,0,t0222,2024-09-17
dolnośląskie,wrocławski,5,3,8,0.32,0.19,0.52,0,0,0,0,0,0,18,8,10,0,t0223,2024-09-17
dolnośląskie,ząbkowicki,2,1,3,0.31,0.16,0.47,0,0,0,0,0,0,3,3,0,0,t0224,2024-09-17
dolnośląskie,zgorzelecki,0,0,0,0.0,0.0,0.0,0,0,0,0,0,0,0,0,0,0,t0225,2024-09-17
dolnośląskie,złotoryjski,0,0,0,0.0,0.0,0.0,0,0,0,0,0,0,1,0,1,0,t0226,2024-09-17
dolnośląskie,Jelenia Góra,1,2,3,0.13,0.25,0.38,0,0,0,4,0,0,12,3,9,0,t0261,2024-09-17
dolnośląskie,Legnica,1,0,1,0.1,0.0,0.1,0,0,0,0,0,0,1,1,0,0,t0262,2024-09-17
dolnośląskie,Wrocław,20,11,31,0.31,0.17,0.48,0,0,0,26,0,0,78,31,46,1,t0264,2024-09-17
dolnośląskie,Wałbrzych,0,0,0,0.0,0.0,0.0,0,0,0,0,0,0,1,0,1,0,t0265,2024-09-17
kujawsko-pomorskie,aleksandrowski,1,0,1,0.18,0.0,0.18,0,0,0,0,0,0,3,1,2,0,t0401,2024-09-17
kujawsko-pomorskie,brodnicki,2,0,2,0.25,0.0,0.25,0,0,0,1,0,0,2,2,0,0,t0402,2024-09-17
kujawsko-pomorskie,bydgoski,8,3,11,0.67,0.25,0.92,0,0,0,4,0,0,29,11,18,0,t0403,2024-09-17
kujawsko-pomorskie,chełmiński,7,2,9,1.35,0.39,1.74,0,0,0,17,0,0,18,9,9,0,t0404,2024-09-17
kujawsko-pomorskie,golubsko-dobrzyński,4,3,7,0.89,0.67,1.56,0,0,0,7,0,0,10,7,3,0,t0405,2024-09-17
kujawsko-pomorskie,grudziądzki,11,5,16,2.74,1.24,3.98,0,0,0,8,0,0,20,17,3,0,t0406,2024-09-17
kujawsko-pomorskie,inowrocławski,21,9,30,1.32,0.56,1.88,0,0,0,25,0,0,47,30,17,0,t0407,2024-09-17
kujawsko-pomorskie,lipnowski,4,1,5,0.61,0.15,0.76,0,0,0,1,0,0,6,5,1,0,t0408,2024-09-17
kujawsko-pomorskie,mogileński,1,0,1,0.22,0.0,0.22,0,0,0,0,0,0,1,1,0,0,t0409,2024-09-17
kujawsko-pomorskie,nakielski,4,4,8,0.46,0.46,0.93,0,0,0,10,0,0,13,8,5,0,t0410,2024-09-17
kujawsko-pomorskie,radziejowski,0,1,1,0.0,0.25,0.25,0,0,0,6,0,0,7,1,6,0,t0411,2024-09-17
kujawsko-pomorskie,rypiński,3,1,4,0.69,0.23,0.92,0,0,0,3,0,0,4,4,0,0,t0412,2024-09-17
kujawsko-pomorskie,sępoleński,1,0,1,0.24,0.0,0.24,0,0,0,2,0,0,2,1,1,0,t0413,2024-09-17
kujawsko-pomorskie,świecki,4,2,6,0.4,0.2,0.61,0,0,0,8,0,0,14,6,8,0,t0414,2024-09-17
kujawsko-pomorskie,toruński,8,4,12,0.73,0.37,1.1,0,0,0,22,0,0,31,12,19,0,t0415,2024-09-17
kujawsko-pomorskie,tucholski,4,0,4,0.83,0.0,0.83,0,0,0,3,0,0,4,4,0,0,t0416,2024-09-17
kujawsko-pomorskie,wąbrzeski,2,3,5,0.59,0.88,1.47,0,0,0,3,0,0,8,5,3,0,t0417,2024-09-17
kujawsko-pomorskie,włocławski,17,3,20,1.98,0.35,2.33,0,0,0,18,0,0,36,20,16,0,t0418,2024-09-17
kujawsko-pomorskie,żniński,6,0,6,0.86,0.0,0.86,0,0,0,5,0,0,9,6,2,1,t0419,2024-09-17
kujawsko-pomorskie,Bydgoszcz,10,12,22,0.29,0.35,0.63,0,0,0,7,0,0,82,29,53,0,t0461,2024-09-17
kujawsko-pomorskie,Grudziądz,18,8,26,1.91,0.85,2.76,0,0,0,14,0,0,42,28,14,0,t0462,2024-09-17
kujawsko-pomorskie,Toruń,9,7,16,0.45,0.35,0.8,0,0,0,20,0,0,46,16,30,0,t0463,2024-09-17
kujawsko-pomorskie,Włocławek,1,2,3,0.09,0.18,0.27,1,0,1,1,0,0,3,3,0,0,t0464,2024-09-17
lubelskie,bialski,15,4,19,1.36,0.36,1.72,0,0,0,6,0,0,31,19,12,0,t0601,2024-09-17
lubelskie,biłgorajski,14,4,18,1.39,0.4,1.79,0,0,0,13,0,0,19,18,1,0,t0602,2024-09-17
lubelskie,chełmski,6,2,8,0.77,0.26,1.03,0,0,0,8,0,0,8,8,0,0,t0603,2024-09-17
lubelskie,hrubieszowski,4,4,8,0.64,0.64,1.28,0,0,0,8,0,0,10,8,2,0,t0604,2024-09-17
lubelskie,janowski,5,1,6,1.1,0.22,1.32,0,0,0,8,0,0,8,6,2,0,t0605,2024-09-17
lubelskie,krasnostawski,1,1,2,0.16,0.16,0.32,0,0,0,2,0,0,3,2,1,0,t0606,2024-09-17
lubelskie,kraśnicki,11,3,14,1.16,0.32,1.47,0,0,0,13,0,0,17,14,3,0,t0607,2024-09-17
lubelskie,lubartowski,7,2,9,0.79,0.23,1.02,0,0,0,10,0,0,10,9,1,0,t0608,2024-09-17
lubelskie,lubelski,23,8,31,1.47,0.51,1.99,0,0,0,26,0,0,39,32,7,0,t0609,2024-09-17
lubelskie,łęczyński,0,0,0,0.0,0.0,0.0,0,0,0,1,0,0,1,0,1,0,t0610,2024-09-17
lubelskie,łukowski,10,5,15,0.94,0.47,1.41,0,0,0,19,0,0,21,15,6,0,t0611,2024-09-17
lubelskie,opolski,4,5,9,0.68,0.85,1.53,0,0,0,12,0,0,12,9,3,0,t0612,2024-09-17
lubelskie,parczewski,1,3,4,0.29,0.87,1.16,0,0,0,2,0,0,4,4,0,0,t0613,2024-09-17
lubelskie,puławski,15,8,23,1.33,0.71,2.04,0,0,0,25,0,0,28,23,5,0,t0614,2024-09-17
lubelskie,radzyński,8,2,10,1.37,0.34,1.71,0,0,0,8,0,0,14,10,4,0,t0615,2024-09-17
lubelskie,rycki,21,2,23,3.76,0.36,4.12,0,0,0,20,0,0,23,23,0,0,t0616,2024-09-17
lubelskie,świdnicki,10,4,14,1.39,0.56,1.95,0,0,0,18,0,0,21,14,7,0,t0617,2024-09-17
lubelskie,tomaszowski,6,2,8,0.73,0.24,0.97,0,0,0,5,0,0,11,9,2,0,t0618,2024-09-17
lubelskie,włodawski,10,3,13,2.62,0.79,3.4,0,0,0,12,0,0,15,13,2,0,t0619,2024-09-17
lubelskie,zamojski,20,4,24,1.89,0.38,2.27,0,0,0,18,0,0,41,24,17,0,t0620,2024-09-17
lubelskie,Biała Podlaska,8,5,13,1.4,0.87,2.27,0,0,0,5,0,0,26,13,13,0,t0661,2024-09-17
lubelskie,Chełm,0,1,1,0.0,0.16,0.16,0,0,0,1,0,0,1,1,0,0,t0662,2024-09-17
lubelskie,Lublin,28,16,44,0.82,0.47,1.3,0,0,0,51,0,0,68,45,23,0,t0663,2024-09-17
lubelskie,Zamość,8,3,11,1.27,0.47,1.74,0,0,0,4,0,0,15,11,4,0,t0664,2024-09-17
lubuskie,gorzowski,3,1,4,0.42,0.14,0.56,0,0,0,1,0,0,4,4,0,0,t0801,2024-09-17
lubuskie,krośnieński,0,0,0,0.0,0.0,0.0,0,0,0,0,0,0,0,0,0,0,t0802,2024-09-17
lubuskie,międzyrzecki,0,0,0,0.0,0.0,0.0,0,0,0,0,0,0,1,0,1,0,t0803,2024-09-17
lubuskie,nowosolski,7,2,9,0.81,0.23,1.05,0,0,0,3,0,0,10,9,1,0,t0804,2024-09-17
lubuskie,słubicki,0,0,0,0.0,0.0,0.0,0,0,0,0,0,0,0,0,0,0,t0805,2024-09-17
lubuskie,strzelecko-drezdenecki,2,2,4,0.41,0.41,0.82,0,0,0,2,0,0,14,4,10,0,t0806,2024-09-17
lubuskie,sulęciński,0,0,0,0.0,0.0,0.0,0,0,0,0,0,0,1,0,1,0,t0807,2024-09-17
lubuskie,świebodziński,0,0,0,0.0,0.0,0.0,0,0,0,0,0,0,0,0,0,0,t0808,2024-09-17
lubuskie,zielonogórski,3,0,3,0.4,0.0,0.4,0,0,0,1,0,0,3,3,0,0,t0809,2024-09-17
lubuskie,żagański,2,0,2,0.25,0.0,0.25,0,0,0,3,0,0,5,2,3,0,t0810,2024-09-17
lubuskie,żarski,5,0,5,0.52,0.0,0.52,0,0,0,6,0,0,6,5,1,0,t0811,2024-09-17
lubuskie,wschowski,0,0,0,0.0,0.0,0.0,0,0,0,0,0,0,2,0,2,0,t0812,2024-09-17
lubuskie,Gorzów Wielkopolski,1,4,5,0.08,0.32,0.41,0,0,0,1,0,0,9,5,4,0,t0861,2024-09-17
lubuskie,Zielona Góra,2,0,2,0.14,0.0,0.14,0,0,0,5,0,0,5,2,3,0,t0862,2024-09-17
łódzkie,bełchatowski,1,2,3,0.09,0.18,0.27,0,0,0,2,0,0,7,3,4,0,t1001,2024-09-17
łódzkie,kutnowski,10,3,13,1.04,0.31,1.35,0,0,0,20,0,0,23,13,10,0,t1002,2024-09-17
łódzkie,łaski,0,0,0,0.0,0.0,0.0,0,0,0,0,0,0,0,0,0,0,t1003,2024-09-17
łódzkie,łęczycki,6,2,8,1.21,0.4,1.61,0,0,0,7,0,0,9,9,0,0,t1004,2024-09-17
łódzkie,łowicki,11,3,14,1.41,0.39,1.8,0,0,0,12,0,0,19,14,5,0,t1005,2024-09-17
łódzkie,łódzki wschodni,0,0,0,0.0,0.0,0.0,0,0,0,1,0,0,1,0,1,0,t1006,2024-09-17
łódzkie,opoczyński,3,0,3,0.4,0.0,0.4,0,0,0,3,0,0,4,3,1,0,t1007,2024-09-17
łódzkie,pabianicki,2,2,4,0.17,0.17,0.34,0,0,0,6,0,0,9,4,5,0,t1008,2024-09-17
łódzkie,pajęczański,0,0,0,0.0,0.0,0.0,0,0,0,0,0,0,0,0,0,0,t1009,2024-09-17
łódzkie,piotrkowski,4,2,6,0.44,0.22,0.66,0,0,0,1,0,0,9,6,3,0,t1010,2024-09-17
łódzkie,poddębicki,4,1,5,0.97,0.24,1.22,0,0,0,0,0,0,5,5,0,0,t1011,2024-09-17
łódzkie,radomszczański,6,2,8,0.53,0.18,0.71,0,0,0,13,0,0,18,8,10,0,t1012,2024-09-17
łódzkie,rawski,0,0,0,0.0,0.0,0.0,0,0,0,2,0,0,2,0,2,0,t1013,2024-09-17
łódzkie,sieradzki,2,3,5,0.17,0.26,0.43,0,0,0,5,0,0,8,5,3,0,t1014,2024-09-17
łódzkie,skierniewicki,3,1,4,0.79,0.26,1.05,0,0,0,4,0,0,4,4,0,0,t1015,2024-09-17
łódzkie,tomaszowski,5,1,6,0.43,0.09,0.52,0,0,0,1,0,0,17,6,11,0,t1016,2024-09-17
łódzkie,wieluński,1,1,2,0.13,0.13,0.26,0,0,0,3,0,0,3,2,1,0,t1017,2024-09-17
łódzkie,wieruszowski,3,1,4,0.71,0.24,0.95,0,0,0,3,0,0,4,4,0,0,t1018,2024-09-17
łódzkie,zduńskowolski,5,0,5,0.75,0.0,0.75,0,0,0,1,0,0,9,5,4,0,t1019,2024-09-17
łódzkie,zgierski,5,1,6,0.3,0.06,0.36,0,0,0,6,0,0,10,6,4,0,t1020,2024-09-17
łódzkie,brzeziński,0,1,1,0.0,0.32,0.32,0,0,0,1,0,0,1,1,0,0,t1021,2024-09-17
łódzkie,Łódź,12,8,20,0.18,0.12,0.3,0,0,0,26,0,0,47,20,27,0,t1061,2024-09-17
łódzkie,Piotrków Trybunalski,3,1,4,0.41,0.14,0.55,0,0,0,1,0,0,4,4,0,0,t1062,2024-09-17
łódzkie,Skierniewice,1,1,2,0.21,0.21,0.42,0,0,0,2,0,0,2,2,0,0,t1063,2024-09-17
małopolskie,bocheński,9,2,11,0.84,0.19,1.03,0,0,0,11,0,0,17,11,6,0,t1201,2024-09-17
małopolskie,brzeski,7,1,8,0.75,0.11,0.86,0,0,0,2,0,0,13,8,5,0,t1202,2024-09-17
małopolskie,chrzanowski,6,0,6,0.48,0.0,0.48,0,0,0,5,0,0,7,6,1,0,t1203,2024-09-17
małopolskie,dąbrowski,0,0,0,0.0,0.0,0.0,0,0,0,0,0,0,1,0,1,0,t1204,2024-09-17
małopolskie,gorlicki,10,2,12,0.92,0.18,1.1,0,0,0,21,0,0,27,12,15,0,t1205,2024-09-17
małopolskie,krakowski,6,1,7,0.21,0.04,0.25,0,0,0,3,0,0,13,7,6,0,t1206,2024-09-17
małopolskie,limanowski,1,1,2,0.08,0.08,0.15,0,0,0,0,0,0,4,2,2,0,t1207,2024-09-17
małopolskie,miechowski,1,0,1,0.21,0.0,0.21,0,0,0,1,0,0,1,1,0,0,t1208,2024-09-17
małopolskie,myślenicki,0,0,0,0.0,0.0,0.0,0,0,0,0,0,0,4,0,4,0,t1209,2024-09-17
małopolskie,nowosądecki,10,4,14,0.46,0.18,0.65,0,0,0,0,0,0,29,14,15,0,t1210,2024-09-17
małopolskie,nowotarski,2,1,3,0.1,0.05,0.16,0,0,0,3,0,0,4,3,1,0,t1211,2024-09-17
małopolskie,olkuski,0,0,0,0.0,0.0,0.0,0,0,0,0,0,0,1,0,1,0,t1212,2024-09-17
małopolskie,oświęcimski,7,1,8,0.46,0.07,0.52,0,0,0,10,0,0,17,8,9,0,t1213,2024-09-17
małopolskie,proszowicki,0,0,0,0.0,0.0,0.0,0,0,0,0,0,0,1,0,1,0,t1214,2024-09-17
małopolskie,suski,11,6,17,1.31,0.71,2.02,0,0,0,10,0,0,17,17,0,0,t1215,2024-09-17
małopolskie,tarnowski,9,0,9,0.45,0.0,0.45,0,0,0,1,0,0,11,9,2,0,t1216,2024-09-17
małopolskie,tatrzański,1,0,1,0.15,0.0,0.15,0,0,0,1,0,0,1,1,0,0,t1217,2024-09-17
małopolskie,wadowicki,34,13,47,2.13,0.81,2.94,0,0,0,36,0,0,81,47,34,0,t1218,2024-09-17
małopolskie,wielicki,3,1,4,0.23,0.08,0.31,0,0,0,2,0,0,7,4,3,0,t1219,2024-09-17
małopolskie,Kraków,25,10,35,0.32,0.13,0.45,0,0,0,26,0,0,75,38,36,1,t1261,2024-09-17
małopolskie,Nowy Sącz,3,1,4,0.36,0.12,0.48,0,0,0,1,0,0,14,4,10,0,t1262,2024-09-17
małopolskie,Tarnów,2,1,3,0.18,0.09,0.28,0,0,0,1,0,0,7,3,4,0,t1263,2024-09-17
mazowieckie,białobrzeski,8,6,14,2.4,1.8,4.2,0,0,0,8,0,0,14,14,0,0,t1401,2024-09-17
mazowieckie,ciechanowski,5,2,7,0.56,0.22,0.78,0,0,0,13,0,0,17,7,10,0,t1402,2024-09-17
mazowieckie,garwoliński,19,4,23,1.74,0.37,2.11,0,0,0,11,0,0,44,24,20,0,t1403,2024-09-17
mazowieckie,gostyniński,5,0,5,1.12,0.0,1.12,0,0,0,6,0,0,10,5,5,0,t1404,2024-09-17
mazowieckie,grodziski,2,3,5,0.21,0.31,0.52,0,0,0,4,0,0,7,6,1,0,t1405,2024-09-17
mazowieckie,grójecki,10,3,13,1.02,0.31,1.32,0,0,0,3,0,0,14,13,1,0,t1406,2024-09-17
mazowieckie,kozienicki,8,5,13,1.34,0.84,2.17,0,0,0,8,0,0,14,14,0,0,t1407,2024-09-17
mazowieckie,legionowski,2,1,3,0.17,0.08,0.25,0,0,0,4,0,0,5,5,0,0,t1408,2024-09-17
mazowieckie,lipski,2,3,5,0.59,0.89,1.48,0,0,0,1,0,0,9,5,4,0,t1409,2024-09-17
mazowieckie,łosicki,2,1,3,0.65,0.33,0.98,0,0,0,3,0,0,8,4,4,0,t1410,2024-09-17
mazowieckie,makowski,3,2,5,0.67,0.45,1.12,0,0,0,2,0,0,5,5,0,0,t1411,2024-09-17
mazowieckie,miński,9,4,13,0.58,0.26,0.84,0,0,0,18,0,0,36,16,20,0,t1412,2024-09-17
mazowieckie,mławski,6,3,9,0.83,0.41,1.24,0,0,0,4,0,0,14,9,5,0,t1413,2024-09-17
mazowieckie,nowodworski,10,2,12,1.26,0.25,1.51,0,0,0,0,0,0,32,12,20,0,t1414,2024-09-17
mazowieckie,ostrołęcki,3,2,5,0.34,0.23,0.56,0,0,0,5,0,0,7,5,2,0,t1415,2024-09-17
mazowieckie,ostrowski,7,4,11,0.97,0.55,1.53,0,0,0,7,0,0,11,11,0,0,t1416,2024-09-17
mazowieckie,otwocki,16,11,27,1.29,0.88,2.17,0,0,0,21,0,0,36,28,8,0,t1417,2024-09-17
mazowieckie,piaseczyński,6,4,10,0.32,0.21,0.53,0,0,0,4,0,0,13,10,3,0,t1418,2024-09-17
mazowieckie,płocki,4,1,5,0.36,0.09,0.45,0,0,0,5,0,0,11,5,6,0,t1419,2024-09-17
mazowieckie,płoński,3,0,3,0.35,0.0,0.35,0,0,0,0,0,0,13,3,10,0,t1420,2024-09-17
mazowieckie,pruszkowski,3,0,3,0.18,0.0,0.18,0,0,0,0,0,0,5,3,2,0,t1421,2024-09-17
mazowieckie,przasnyski,7,2,9,1.34,0.38,1.72,0,0,0,5,0,0,13,9,4,0,t1422,2024-09-17
mazowieckie,przysuski,8,3,11,1.93,0.73,2.66,0,0,0,3,0,0,14,11,3,0,t1423,2024-09-17
mazowieckie,pułtuski,0,0,0,0.0,0.0,0.0,0,0,0,0,0,0,0,0,0,0,t1424,2024-09-17
mazowieckie,radomski,16,5,21,1.05,0.33,1.38,0,0,0,7,0,0,26,21,5,0,t1425,2024-09-17
mazowieckie,siedlecki,17,5,22,2.09,0.61,2.7,0,0,0,13,0,0,34,22,12,0,t1426,2024-09-17
mazowieckie,sierpecki,3,1,4,0.58,0.19,0.77,0,0,0,3,0,0,4,4,0,0,t1427,2024-09-17
mazowieckie,sochaczewski,3,1,4,0.35,0.12,0.47,0,0,0,4,0,0,4,4,0,0,t1428,2024-09-17
mazowieckie,sokołowski,7,4,11,1.31,0.75,2.05,0,0,0,8,0,0,16,11,5,0,t1429,2024-09-17
mazowieckie,szydłowiecki,1,1,2,0.25,0.25,0.51,0,0,0,3,0,0,3,2,1,0,t1430,2024-09-17
mazowieckie,warszawski zachodni,6,1,7,0.5,0.08,0.59,0,0,0,6,0,0,10,7,3,0,t1432,2024-09-17
mazowieckie,węgrowski,4,0,4,0.61,0.0,0.61,0,0,0,4,0,0,5,4,1,0,t1433,2024-09-17
mazowieckie,wołomiński,11,5,16,0.44,0.2,0.64,0,0,0,16,0,0,41,16,25,0,t1434,2024-09-17
mazowieckie,wyszkowski,6,3,9,0.81,0.4,1.21,0,0,0,7,0,0,10,10,0,0,t1435,2024-09-17
mazowieckie,zwoleński,9,3,12,2.5,0.83,3.33,0,0,0,19,0,0,25,12,13,0,t1436,2024-09-17
mazowieckie,żuromiński,6,1,7,1.57,0.26,1.83,0,0,0,2,0,0,7,7,0,0,t1437,2024-09-17
mazowieckie,żyrardowski,4,2,6,0.53,0.26,0.79,0,0,0,6,0,0,6,6,0,0,t1438,2024-09-17
mazowieckie,Ostrołęka,2,2,4,0.39,0.39,0.77,0,0,0,5,0,0,6,4,2,0,t1461,2024-09-17
mazowieckie,Płock,6,1,7,0.5,0.08,0.59,0,0,0,21,0,0,26,7,19,0,t1462,2024-09-17
mazowieckie,Radom,16,14,30,0.76,0.66,1.42,0,0,0,18,0,0,38,30,8,0,t1463,2024-09-17
mazowieckie,Siedlce,20,7,27,2.56,0.89,3.45,0,0,0,18,0,0,38,27,11,0,t1464,2024-09-17
mazowieckie,Warszawa,43,15,58,0.24,0.08,0.32,0,0,0,28,0,0,363,59,304,0,t1465,2024-09-17
opolskie,brzeski,0,0,0,0.0,0.0,0.0,0,0,0,0,0,0,0,0,0,0,t1601,2024-09-17
opolskie,głubczycki,0,0,0,0.0,0.0,0.0,0,0,0,0,0,0,0,0,0,0,t1602,2024-09-17
opolskie,kędzierzyńsko-kozielski,2,1,3,0.21,0.11,0.32,0,0,0,3,0,0,5,3,2,0,t1603,2024-09-17
opolskie,kluczborski,1,0,1,0.15,0.0,0.15,0,0,0,0,0,0,4,1,3,0,t1604,2024-09-17
opolskie,krapkowicki,0,0,0,0.0,0.0,0.0,0,0,0,0,0,0,0,0,0,0,t1605,2024-09-17
opolskie,namysłowski,0,1,1,0.0,0.23,0.23,0,0,0,1,0,0,1,1,0,0,t1606,2024-09-17
opolskie,nyski,1,1,2,0.07,0.07,0.15,0,0,0,4,0,0,8,2,6,0,t1607,2024-09-17
opolskie,oleski,0,0,0,0.0,0.0,0.0,0,0,0,0,0,0,1,0,1,0,t1608,2024-09-17
opolskie,opolski,2,2,4,0.16,0.16,0.32,0,0,0,3,0,0,8,4,4,0,t1609,2024-09-17
opolskie,prudnicki,2,2,4,0.36,0.36,0.73,0,0,0,4,0,0,5,4,1,0,t1610,2024-09-17
opolskie,strzelecki,6,2,8,0.81,0.27,1.08,0,0,0,0,0,0,8,8,0,0,t1611,2024-09-17
opolskie,Opole,4,4,8,0.31,0.31,0.62,0,0,0,0,0,0,28,8,20,0,t1661,2024-09-17
podkarpackie,bieszczadzki,0,0,0,0.0,0.0,0.0,0,0,0,0,0,0,0,0,0,0,t1801,2024-09-17
podkarpackie,brzozowski,2,3,5,0.31,0.46,0.76,0,0,0,6,0,0,7,5,2,0,t1802,2024-09-17
podkarpackie,dębicki,7,5,12,0.52,0.37,0.89,0,0,0,21,0,0,28,12,16,0,t1803,2024-09-17
podkarpackie,jarosławski,3,0,3,0.25,0.0,0.25,0,0,0,3,0,0,7,3,4,0,t1804,2024-09-17
podkarpackie,jasielski,12,4,16,1.06,0.35,1.41,0,0,0,13,0,0,27,16,11,0,t1805,2024-09-17
podkarpackie,kolbuszowski,1,0,1,0.16,0.0,0.16,0,0,0,0,0,0,1,1,0,0,t1806,2024-09-17
podkarpackie,krośnieński,11,3,14,0.98,0.27,1.25,0,0,0,27,0,0,36,14,22,0,t1807,2024-09-17
podkarpackie,leżajski,14,1,15,2.02,0.14,2.17,0,0,0,12,0,0,15,15,0,0,t1808,2024-09-17
podkarpackie,lubaczowski,3,0,3,0.55,0.0,0.55,0,0,0,3,0,0,4,3,1,0,t1809,2024-09-17
podkarpackie,łańcucki,7,2,9,0.86,0.25,1.11,0,0,0,10,0,0,17,10,7,0,t1810,2024-09-17
podkarpackie,mielecki,5,1,6,0.37,0.07,0.44,0,0,0,6,0,0,7,6,1,0,t1811,2024-09-17
podkarpackie,niżański,2,0,2,0.3,0.0,0.3,0,0,0,2,0,0,3,2,1,0,t1812,2024-09-17
podkarpackie,przemyski,1,1,2,0.14,0.14,0.27,0,0,0,2,0,0,3,2,1,0,t1813,2024-09-17
podkarpackie,przeworski,3,0,3,0.38,0.0,0.38,0,0,0,1,0,0,17,3,14,0,t1814,2024-09-17
podkarpackie,ropczycko-sędziszowski,12,5,17,1.61,0.67,2.28,0,0,0,23,0,0,27,17,10,0,t1815,2024-09-17
podkarpackie,rzeszowski,5,4,9,0.29,0.24,0.53,0,0,0,9,0,0,14,9,5,0,t1816,2024-09-17
podkarpackie,sanocki,5,0,5,0.53,0.0,0.53,0,0,0,6,0,0,7,7,0,0,t1817,2024-09-17
podkarpackie,stalowowolski,3,5,8,0.28,0.47,0.76,0,0,0,13,0,0,13,8,5,0,t1818,2024-09-17
podkarpackie,strzyżowski,4,0,4,0.65,0.0,0.65,0,0,0,1,0,0,4,4,0,0,t1819,2024-09-17
podkarpackie,tarnobrzeski,1,2,3,0.19,0.38,0.57,0,0,0,4,0,0,4,3,1,0,t1820,2024-09-17
podkarpackie,leski,1,0,1,0.38,0.0,0.38,0,0,0,0,0,0,2,1,1,0,t1821,2024-09-17
podkarpackie,Krosno,11,1,12,2.38,0.22,2.6,0,0,0,5,0,0,15,12,3,0,t1861,2024-09-17
podkarpackie,Przemyśl,7,1,8,1.16,0.17,1.32,0,0,0,3,0,0,9,8,1,0,t1862,2024-09-17
podkarpackie,Rzeszów,4,3,7,0.2,0.15,0.36,0,0,0,6,0,0,10,7,3,0,t1863,2024-09-17
podkarpackie,Tarnobrzeg,3,1,4,0.64,0.21,0.86,0,0,0,2,0,0,10,6,4,0,t1864,2024-09-17
podlaskie,augustowski,5,3,8,0.86,0.52,1.38,0,0,0,8,0,0,9,8,1,0,t2001,2024-09-17
podlaskie,białostocki,9,8,17,0.6,0.53,1.13,0,0,0,21,0,0,29,17,12,0,t2002,2024-09-17
podlaskie,bielski,9,3,12,1.66,0.55,2.22,0,0,0,8,0,0,23,12,11,0,t2003,2024-09-17
podlaskie,grajewski,0,1,1,0.0,0.21,0.21,0,0,0,0,0,0,1,1,0,0,t2004,2024-09-17
podlaskie,hajnowski,8,1,9,1.89,0.24,2.13,0,0,0,11,0,0,14,9,5,0,t2005,2024-09-17
podlaskie,kolneński,3,0,3,0.79,0.0,0.79,0,0,0,0,0,0,3,3,0,0,t2006,2024-09-17
podlaskie,łomżyński,4,0,4,0.79,0.0,0.79,0,0,0,3,0,0,4,4,0,0,t2007,2024-09-17
podlaskie,moniecki,3,1,4,0.75,0.25,0.99,0,0,0,1,0,0,9,4,5,0,t2008,2024-09-17
podlaskie,sejneński,2,0,2,1.01,0.0,1.01,0,0,0,1,0,0,5,3,2,0,t2009,2024-09-17
podlaskie,siemiatycki,5,2,7,1.14,0.46,1.59,0,0,0,4,0,0,19,7,12,0,t2010,2024-09-17
podlaskie,sokólski,6,0,6,0.91,0.0,0.91,0,0,0,1,0,0,10,7,3,0,t2011,2024-09-17
podlaskie,suwalski,1,1,2,0.28,0.28,0.56,0,0,0,2,0,0,10,3,7,0,t2012,2024-09-17
podlaskie,wysokomazowiecki,12,3,15,2.12,0.53,2.65,0,0,0,8,0,0,17,16,1,0,t2013,2024-09-17
podlaskie,zambrowski,1,0,1,0.23,0.0,0.23,0,0,0,1,0,0,1,1,0,0,t2014,2024-09-17
podlaskie,Białystok,47,16,63,1.58,0.54,2.12,0,0,0,69,0,0,98,63,35,0,t2061,2024-09-17
podlaskie,Łomża,1,1,2,0.16,0.16,0.32,0,0,0,4,0,0,4,2,2,0,t2062,2024-09-17
podlaskie,Suwałki,7,0,7,1.0,0.0,1.0,0,0,0,7,0,0,13,7,6,0,t2063,2024-09-17
pomorskie,bytowski,7,2,9,0.88,0.25,1.14,0,0,0,4,0,0,10,10,0,0,t2201,2024-09-17
pomorskie,chojnicki,2,1,3,0.2,0.1,0.31,0,0,0,3,0,0,4,3,1,0,t2202,2024-09-17
pomorskie,człuchowski,0,0,0,0.0,0.0,0.0,0,0,0,0,0,0,1,0,1,0,t2203,2024-09-17
pomorskie,gdański,0,0,0,0.0,0.0,0.0,0,0,0,0,0,0,0,0,0,0,t2204,2024-09-17
pomorskie,kartuski,4,0,4,0.28,0.0,0.28,0,0,0,5,0,0,27,4,23,0,t2205,2024-09-17
pomorskie,kościerski,2,3,5,0.27,0.41,0.69,0,0,0,3,0,0,9,5,4,0,t2206,2024-09-17
pomorskie,kwidzyński,1,0,1,0.12,0.0,0.12,0,0,0,1,0,0,2,1,1,0,t2207,2024-09-17
pomorskie,lęborski,1,2,3,0.15,0.3,0.45,0,0,0,3,0,0,3,3,0,0,t2208,2024-09-17
pomorskie,malborski,0,0,0,0.0,0.0,0.0,0,0,0,0,0,0,0,0,0,0,t2209,2024-09-17
pomorskie,nowodworski,1,1,2,0.28,0.28,0.56,0,0,0,1,0,0,2,2,0,0,t2210,2024-09-17
pomorskie,pucki,5,1,6,0.57,0.11,0.69,0,0,0,0,0,0,19,6,13,0,t2211,2024-09-17
pomorskie,słupski,2,1,3,0.2,0.1,0.3,0,0,0,1,0,0,11,4,7,0,t2212,2024-09-17
pomorskie,starogardzki,0,0,0,0.0,0.0,0.0,0,0,0,0,0,0,0,0,0,0,t2213,2024-09-17
pomorskie,tczewski,6,1,7,0.52,0.09,0.61,0,0,0,4,0,0,9,7,2,0,t2214,2024-09-17
pomorskie,wejherowski,4,2,6,0.18,0.09,0.27,0,0,0,7,0,0,8,6,2,0,t2215,2024-09-17
pomorskie,sztumski,0,0,0,0.0,0.0,0.0,0,0,0,0,0,0,0,0,0,0,t2216,2024-09-17
pomorskie,Gdańsk,15,6,21,0.32,0.13,0.45,0,0,0,20,0,0,38,21,17,0,t2261,2024-09-17
pomorskie,Gdynia,6,4,10,0.24,0.16,0.41,0,0,0,32,0,0,42,10,31,1,t2262,2024-09-17
pomorskie,Słupsk,3,3,6,0.33,0.33,0.66,0,0,0,3,0,0,10,6,4,0,t2263,2024-09-17
pomorskie,Sopot,1,0,1,0.28,0.0,0.28,0,0,0,1,0,0,1,1,0,0,t2264,2024-09-17
śląskie,będziński,1,0,1,0.07,0.0,0.07,0,0,0,6,0,0,8,1,7,0,t2401,2024-09-17
śląskie,bielski,2,1,3,0.12,0.06,0.18,0,0,0,1,0,0,6,3,3,0,t2402,2024-09-17
śląskie,cieszyński,2,1,3,0.11,0.06,0.17,0,0,0,3,0,0,6,3,3,0,t2403,2024-09-17
śląskie,częstochowski,1,1,2,0.07,0.07,0.15,0,0,0,2,0,0,9,2,7,0,t2404,2024-09-17
śląskie,gliwicki,1,1,2,0.09,0.09,0.17,0,0,0,2,0,0,2,2,0,0,t2405,2024-09-17
śląskie,kłobucki,11,0,11,1.3,0.0,1.3,0,0,0,9,0,0,12,11,1,0,t2406,2024-09-17
śląskie,lubliniecki,4,1,5,0.52,0.13,0.66,0,0,0,10,0,0,10,5,5,0,t2407,2024-09-17
śląskie,mikołowski,1,0,1,0.1,0.0,0.1,0,0,0,1,0,0,6,1,5,0,t2408,2024-09-17
śląskie,myszkowski,0,3,3,0.0,0.42,0.42,0,0,0,4,0,0,4,3,1,0,t2409,2024-09-17
śląskie,pszczyński,0,2,2,0.0,0.18,0.18,0,0,0,1,0,0,2,2,0,0,t2410,2024-09-17
śląskie,raciborski,2,1,3,0.19,0.09,0.28,0,0,0,1,0,0,3,3,0,0,t2411,2024-09-17
śląskie,rybnicki,1,0,1,0.13,0.0,0.13,0,0,0,0,0,0,1,1,0,0,t2412,2024-09-17
śląskie,tarnogórski,5,3,8,0.36,0.21,0.57,0,0,0,6,0,0,11,8,3,0,t2413,2024-09-17
śląskie,bieruńsko-lędziński,1,0,1,0.17,0.0,0.17,0,0,0,1,0,0,1,1,0,0,t2414,2024-09-17
śląskie,wodzisławski,10,4,14,0.64,0.25,0.89,0,0,0,11,0,0,17,14,3,0,t2415,2024-09-17
śląskie,zawierciański,2,0,2,0.17,0.0,0.17,1,0,1,2,0,0,4,2,2,0,t2416,2024-09-17
śląskie,żywiecki,9,4,13,0.59,0.26,0.85,0,0,0,3,0,0,13,13,0,0,t2417,2024-09-17
śląskie,Bielsko-Biała,5,1,6,0.29,0.06,0.35,0,0,0,6,0,0,12,6,6,0,t2461,2024-09-17
śląskie,Bytom,6,1,7,0.36,0.06,0.43,0,0,0,3,0,0,12,7,5,0,t2462,2024-09-17
śląskie,Chorzów,6,2,8,0.56,0.19,0.74,0,0,0,11,0,0,17,8,9,0,t2463,2024-09-17
śląskie,Częstochowa,6,1,7,0.27,0.05,0.32,0,0,0,9,0,0,22,7,15,0,t2464,2024-09-17
śląskie,Dąbrowa Górnicza,4,2,6,0.34,0.17,0.5,0,0,0,7,0,0,15,6,9,0,t2465,2024-09-17
śląskie,Gliwice,3,1,4,0.17,0.06,0.22,0,0,0,3,0,0,9,4,5,0,t2466,2024-09-17
śląskie,Jastrzębie-Zdrój,9,3,12,1.02,0.34,1.36,0,0,0,12,0,0,17,12,5,0,t2467,2024-09-17
śląskie,Jaworzno,3,2,5,0.33,0.22,0.55,0,0,0,3,0,0,8,5,3,0,t2468,2024-09-17
śląskie,Katowice,7,1,8,0.24,0.03,0.27,0,0,0,20,0,0,46,9,37,0,t2469,2024-09-17
śląskie,Mysłowice,1,0,1,0.13,0.0,0.13,0,0,0,0,0,0,11,1,10,0,t2470,2024-09-17
śląskie,Piekary Śląskie,2,0,2,0.36,0.0,0.36,0,0,0,0,0,0,5,2,3,0,t2471,2024-09-17
śląskie,Ruda Śląska,0,0,0,0.0,0.0,0.0,0,0,0,3,0,0,4,0,4,0,t2472,2024-09-17
śląskie,Rybnik,1,1,2,0.07,0.07,0.15,0,0,0,1,0,0,2,2,0,0,t2473,2024-09-17
śląskie,Siemianowice Śląskie,3,0,3,0.45,0.0,0.45,0,0,0,3,0,0,4,3,1,0,t2474,2024-09-17
śląskie,Sosnowiec,5,0,5,0.25,0.0,0.25,0,0,0,2,0,0,12,5,7,0,t2475,2024-09-17
śląskie,Świętochłowice,2,1,3,0.41,0.2,0.61,0,0,0,5,0,0,7,3,4,0,t2476,2024-09-17
śląskie,Tychy,1,2,3,0.08,0.16,0.24,0,0,0,2,0,0,6,3,3,0,t2477,2024-09-17
śląskie,Zabrze,5,0,5,0.29,0.0,0.29,0,0,0,6,0,0,17,5,12,0,t2478,2024-09-17
śląskie,Żory,4,5,9,0.64,0.8,1.44,0,0,0,0,0,0,10,10,0,0,t2479,2024-09-17
świętokrzyskie,buski,0,0,0,0.0,0.0,0.0,0,0,0,0,0,0,0,0,0,0,t2601,2024-09-17
świętokrzyskie,jędrzejowski,2,0,2,0.23,0.0,0.23,0,0,0,0,0,0,3,2,1,0,t2602,2024-09-17
świętokrzyskie,kazimierski,3,1,4,0.9,0.3,1.19,0,0,0,5,0,0,7,4,3,0,t2603,2024-09-17
świętokrzyskie,kielecki,13,2,15,0.62,0.09,0.71,0,0,0,11,0,0,19,16,3,0,t2604,2024-09-17
świętokrzyskie,konecki,12,4,16,1.51,0.5,2.01,0,0,0,8,0,0,17,16,1,0,t2605,2024-09-17
świętokrzyskie,opatowski,4,1,5,0.77,0.19,0.96,0,0,0,0,0,0,5,5,0,0,t2606,2024-09-17
świętokrzyskie,ostrowiecki,5,0,5,0.46,0.0,0.46,0,0,0,6,0,0,11,5,6,0,t2607,2024-09-17
świętokrzyskie,pińczowski,0,0,0,0.0,0.0,0.0,0,0,0,0,0,0,0,0,0,0,t2608,2024-09-17
świętokrzyskie,sandomierski,4,5,9,0.52,0.65,1.17,0,0,0,11,0,0,14,9,5,0,t2609,2024-09-17
świętokrzyskie,skarżyski,6,4,10,0.82,0.54,1.36,0,0,0,7,0,0,10,10,0,0,t2610,2024-09-17
świętokrzyskie,starachowicki,12,4,16,1.35,0.45,1.79,0,0,0,9,0,0,17,16,1,0,t2611,2024-09-17
świętokrzyskie,staszowski,6,1,7,0.84,0.14,0.98,0,0,0,5,0,0,7,7,0,0,t2612,2024-09-17
świętokrzyskie,włoszczowski,3,1,4,0.67,0.22,0.89,0,0,0,11,0,0,11,4,7,0,t2613,2024-09-17
świętokrzyskie,Kielce,6,5,11,0.31,0.26,0.57,0,0,0,7,0,0,12,11,1,0,t2661,2024-09-17
warmińsko-mazurskie,bartoszycki,0,0,0,0.0,0.0,0.0,0,0,0,0,0,0,4,0,4,0,t2801,2024-09-17
warmińsko-mazurskie,braniewski,6,2,8,1.47,0.49,1.95,0,0,0,4,0,0,19,8,11,0,t2802,2024-09-17
warmińsko-mazurskie,działdowski,5,3,8,0.77,0.46,1.23,0,0,0,16,0,0,21,8,13,0,t2803,2024-09-17
warmińsko-mazurskie,elbląski,2,0,2,0.35,0.0,0.35,0,0,0,0,0,0,3,2,1,0,t2804,2024-09-17
warmińsko-mazurskie,ełcki,2,2,4,0.22,0.22,0.44,0,0,0,5,0,0,9,4,5,0,t2805,2024-09-17
warmińsko-mazurskie,giżycki,4,3,7,0.71,0.53,1.24,0,0,0,2,0,0,8,7,1,0,t2806,2024-09-17
warmińsko-mazurskie,iławski,20,6,26,2.15,0.65,2.8,0,0,0,8,0,0,48,28,20,0,t2807,2024-09-17
warmińsko-mazurskie,kętrzyński,4,1,5,0.64,0.16,0.81,0,0,0,1,0,0,9,5,4,0,t2808,2024-09-17
warmińsko-mazurskie,lidzbarski,0,0,0,0.0,0.0,0.0,0,0,0,0,0,0,7,1,6,0,t2809,2024-09-17
warmińsko-mazurskie,mrągowski,7,2,9,1.41,0.4,1.81,0,0,0,5,0,0,13,9,4,0,t2810,2024-09-17
warmińsko-mazurskie,nidzicki,7,3,10,2.14,0.92,3.05,0,0,0,8,0,0,11,11,0,0,t2811,2024-09-17
warmińsko-mazurskie,nowomiejski,9,2,11,2.06,0.46,2.51,0,0,0,11,0,0,12,11,1,0,t2812,2024-09-17
warmińsko-mazurskie,olecki,2,0,2,0.59,0.0,0.59,0,0,0,0,0,0,2,2,0,0,t2813,2024-09-17
warmińsko-mazurskie,olsztyński,5,1,6,0.39,0.08,0.47,0,0,0,2,0,0,33,8,25,0,t2814,2024-09-17
warmińsko-mazurskie,ostródzki,6,2,8,0.58,0.19,0.77,0,0,0,7,0,0,13,8,5,0,t2815,2024-09-17
warmińsko-mazurskie,piski,2,0,2,0.36,0.0,0.36,0,0,0,0,0,0,2,2,0,0,t2816,2024-09-17
warmińsko-mazurskie,szczycieński,9,0,9,1.3,0.0,1.3,0,0,0,0,0,0,13,9,4,0,t2817,2024-09-17
warmińsko-mazurskie,gołdapski,1,0,1,0.38,0.0,0.38,0,0,0,0,0,0,2,1,1,0,t2818,2024-09-17
warmińsko-mazurskie,węgorzewski,3,1,4,1.33,0.44,1.77,0,0,0,0,0,0,4,4,0,0,t2819,2024-09-17
warmińsko-mazurskie,Elbląg,3,4,7,0.25,0.34,0.59,0,0,0,1,0,0,8,7,1,0,t2861,2024-09-17
warmińsko-mazurskie,Olsztyn,6,4,10,0.35,0.23,0.58,0,0,0,9,0,0,31,10,21,0,t2862,2024-09-17
wielkopolskie,chodzieski,1,0,1,0.21,0.0,0.21,0,0,0,0,0,0,1,1,0,0,t3001,2024-09-17
wielkopolskie,czarnkowsko-trzcianecki,2,0,2,0.23,0.0,0.23,0,0,0,0,0,0,2,2,0,0,t3002,2024-09-17
wielkopolskie,gnieźnieński,7,2,9,0.48,0.14,0.62,0,0,0,6,0,0,9,9,0,0,t3003,2024-09-17
wielkopolskie,gostyński,9,2,11,1.19,0.26,1.45,0,0,0,8,0,0,14,11,3,0,t3004,2024-09-17
wielkopolskie,grodziski,4,1,5,0.77,0.19,0.96,0,0,0,5,0,0,5,5,0,0,t3005,2024-09-17
wielkopolskie,jarociński,2,1,3,0.28,0.14,0.42,0,0,0,3,0,0,3,3,0,0,t3006,2024-09-17
wielkopolskie,kaliski,1,4,5,0.12,0.48,0.6,0,0,0,3,0,0,5,5,0,0,t3007,2024-09-17
wielkopolskie,kępiński,0,1,1,0.0,0.18,0.18,0,0,0,1,0,0,1,1,0,0,t3008,2024-09-17
wielkopolskie,kolski,0,0,0,0.0,0.0,0.0,0,0,0,3,0,0,3,0,3,0,t3009,2024-09-17
wielkopolskie,koniński,8,2,10,0.62,0.15,0.77,0,0,0,5,0,0,12,10,2,0,t3010,2024-09-17
wielkopolskie,kościański,1,0,1,0.13,0.0,0.13,0,0,0,0,0,0,2,2,0,0,t3011,2024-09-17
wielkopolskie,krotoszyński,16,2,18,2.07,0.26,2.33,0,0,0,14,0,0,18,18,0,0,t3012,2024-09-17
wielkopolskie,leszczyński,1,1,2,0.17,0.17,0.35,0,0,0,1,0,0,2,2,0,0,t3013,2024-09-17
wielkopolskie,międzychodzki,0,0,0,0.0,0.0,0.0,0,0,0,0,0,0,0,0,0,0,t3014,2024-09-17
wielkopolskie,nowotomyski,4,1,5,0.53,0.13,0.66,0,0,0,4,0,0,7,5,2,0,t3015,2024-09-17
wielkopolskie,obornicki,3,1,4,0.5,0.17,0.67,0,0,0,3,0,0,4,4,0,0,t3016,2024-09-17
wielkopolskie,ostrowski,2,0,2,0.12,0.0,0.12,0,0,0,0,0,0,13,2,11,0,t3017,2024-09-17
wielkopolskie,ostrzeszowski,4,1,5,0.72,0.18,0.9,0,0,0,5,0,0,6,5,1,0,t3018,2024-09-17
wielkopolskie,pilski,0,2,2,0.0,0.15,0.15,0,0,0,1,0,0,5,2,3,0,t3019,2024-09-17
wielkopolskie,pleszewski,0,0,0,0.0,0.0,0.0,0,0,0,0,0,0,0,0,0,0,t3020,2024-09-17
wielkopolskie,poznański,9,10,19,0.22,0.25,0.47,0,0,0,18,0,0,38,19,19,0,t3021,2024-09-17
wielkopolskie,rawicki,12,1,13,1.99,0.17,2.16,0,0,0,11,0,0,21,13,8,0,t3022,2024-09-17
wielkopolskie,słupecki,5,1,6,0.85,0.17,1.02,0,0,0,1,0,0,10,6,4,0,t3023,2024-09-17
wielkopolskie,szamotulski,11,2,13,1.2,0.22,1.42,0,0,0,6,0,0,14,13,1,0,t3024,2024-09-17
wielkopolskie,średzki,1,1,2,0.17,0.17,0.34,0,0,0,1,0,0,3,2,1,0,t3025,2024-09-17
wielkopolskie,śremski,5,2,7,0.81,0.33,1.14,0,0,0,2,0,0,8,7,1,0,t3026,2024-09-17
wielkopolskie,turecki,0,0,0,0.0,0.0,0.0,0,0,0,0,0,0,0,0,0,0,t3027,2024-09-17
wielkopolskie,wągrowiecki,9,6,15,1.28,0.85,2.14,0,0,0,6,0,0,16,15,1,0,t3028,2024-09-17
wielkopolskie,wolsztyński,4,0,4,0.7,0.0,0.7,0,0,0,0,0,0,4,4,0,0,t3029,2024-09-17
wielkopolskie,wrzesiński,6,0,6,0.77,0.0,0.77,0,0,0,1,0,0,7,6,1,0,t3030,2024-09-17
wielkopolskie,złotowski,4,4,8,0.58,0.58,1.15,0,0,0,2,0,0,8,8,0,0,t3031,2024-09-17
wielkopolskie,Kalisz,1,0,1,0.1,0.0,0.1,0,0,0,0,0,0,1,1,0,0,t3061,2024-09-17
wielkopolskie,Konin,7,3,10,0.96,0.41,1.37,0,0,0,7,0,0,10,10,0,0,t3062,2024-09-17
wielkopolskie,Leszno,3,1,4,0.47,0.16,0.63,0,0,0,0,0,0,4,4,0,0,t3063,2024-09-17
wielkopolskie,Poznań,12,8,20,0.22,0.15,0.37,1,0,1,8,0,0,41,20,21,0,t3064,2024-09-17
zachodniopomorskie,białogardzki,0,1,1,0.0,0.21,0.21,0,0,0,1,0,0,1,1,0,0,t3201,2024-09-17
zachodniopomorskie,choszczeński,0,0,0,0.0,0.0,0.0,0,0,0,2,0,0,2,0,2,0,t3202,2024-09-17
zachodniopomorskie,drawski,4,1,5,0.7,0.18,0.88,0,0,0,4,0,0,6,5,1,0,t3203,2024-09-17
zachodniopomorskie,goleniowski,1,1,2,0.12,0.12,0.24,0,0,0,2,0,0,3,2,1,0,t3204,2024-09-17
zachodniopomorskie,gryficki,0,0,0,0.0,0.0,0.0,0,0,0,0,0,0,0,0,0,0,t3205,2024-09-17
zachodniopomorskie,gryfiński,1,3,4,0.12,0.37,0.49,0,0,0,8,0,0,9,4,5,0,t3206,2024-09-17
zachodniopomorskie,kamieński,2,2,4,0.43,0.43,0.85,0,0,0,3,0,0,5,4,1,0,t3207,2024-09-17
zachodniopomorskie,kołobrzeski,2,1,3,0.25,0.13,0.38,0,0,0,5,0,0,7,3,4,0,t3208,2024-09-17
zachodniopomorskie,koszaliński,5,0,5,0.75,0.0,0.75,0,0,0,4,0,0,6,5,1,0,t3209,2024-09-17
zachodniopomorskie,myśliborski,3,3,6,0.46,0.46,0.92,0,0,0,6,0,0,6,6,0,0,t3210,2024-09-17
zachodniopomorskie,policki,5,1,6,0.62,0.12,0.74,0,0,0,6,0,0,7,6,1,0,t3211,2024-09-17
zachodniopomorskie,pyrzycki,1,0,1,0.25,0.0,0.25,0,0,0,0,0,0,3,1,2,0,t3212,2024-09-17
zachodniopomorskie,sławieński,1,0,1,0.18,0.0,0.18,0,0,0,2,0,0,3,1,2,0,t3213,2024-09-17
zachodniopomorskie,stargardzki,2,1,3,0.17,0.08,0.25,0,0,0,2,0,0,10,3,7,0,t3214,2024-09-17
zachodniopomorskie,szczecinecki,1,3,4,0.13,0.39,0.52,0,0,0,1,0,0,7,4,3,0,t3215,2024-09-17
zachodniopomorskie,świdwiński,3,1,4,0.64,0.21,0.86,0,0,0,5,0,0,8,4,4,0,t3216,2024-09-17
zachodniopomorskie,wałecki,0,0,0,0.0,0.0,0.0,0,0,0,0,0,0,1,0,1,0,t3217,2024-09-17
zachodniopomorskie,łobeski,0,0,0,0.0,0.0,0.0,0,0,0,0,0,0,0,0,0,0,t3218,2024-09-17
zachodniopomorskie,Koszalin,3,2,5,0.28,0.19,0.47,0,0,0,9,0,0,19,5,13,1,t3261,2024-09-17
zachodniopomorskie,Szczecin,24,6,30,0.6,0.15,0.75,0,0,0,28,0,0,61,31,30,0,t3262,2024-09-17
zachodniopomorskie,Świnoujście,2,0,2,0.49,0.0,0.49,0,0,0,4,0,0,13,2,11,0,t3263,2024-09-17
