1d-7d,,,,,,,Średnia z 7dni,Date,Zamknięte przypadki,Suma Zgonów,DR,Przyrost dzienny ozdrowieńców,Przyrost dzienny zgonów,Date1,Prognoza zgonów,,,,FND
,,,,,,,,,,,,,,,,,,,
21045,18775,21049,17259,10896,14396,25052,18353,2021-03-17,1641197,48032,2.93,6001,453,2021-04-07,537,,,,
18775,21049,17259,10896,14396,25052,27278,19244,2021-03-18,1652220,48388,2.93,10667,356,2021-04-08,564,,,,
21049,17259,10896,14396,25052,27278,25998,20275,2021-03-19,1669079,48807,2.92,16440,419,2021-04-09,593,,,,
17259,10896,14396,25052,27278,25998,26405,21041,2021-03-20,1689206,49156,2.91,19778,349,2021-04-10,612,,,,
10896,14396,25052,27278,25998,26405,21849,21696,2021-03-21,1706362,49296,2.89,17016,140,2021-04-11,627,,,,
14396,25052,27278,25998,26405,21849,14578,22222,2021-03-22,1725747,49361,2.86,19320,65,2021-04-12,636,,,,
25052,27278,25998,26405,21849,14578,16741,22557,2021-03-23,1744742,49757,2.85,18599,396,2021-04-13,643,,,,
27278,25998,26405,21849,14578,16741,29978,23261,2021-03-24,1755586,50332,2.87,10269,575,2021-04-14,667,,,,
25998,26405,21849,14578,16741,29978,34151,24243,2021-03-25,1771729,50852,2.87,15623,520,2021-04-15,696,,,,
26405,21849,14578,16741,29978,34151,35143,25549,2021-03-26,1797102,51295,2.85,24930,443,2021-04-16,729,,,,
21849,14578,16741,29978,34151,35143,31757,26314,2021-03-27,1826041,51743,2.83,28491,448,2021-04-17,746,,,,
14578,16741,29978,34151,35143,31757,29253,27372,2021-03-28,1850275,51874,2.80,24103,131,2021-04-18,767,,,,
16741,29978,34151,35143,31757,29253,16965,27713,2021-03-29,1876018,51922,2.77,25695,48,2021-04-19,767,,,,
29978,34151,35143,31757,29253,16965,20870,28302,2021-03-30,1901199,52383,2.76,24720,461,2021-04-20,780,,,,
34151,35143,31757,29253,16965,20870,32874,28716,2021-03-31,1916405,53036,2.77,14553,653,2021-04-21,795,,,,
35143,31757,29253,16965,20870,32874,35251,28873,2021-04-01,1938012,53657,2.77,20986,621,2021-04-22,799,,,,
31757,29253,16965,20870,32874,35251,30546,28217,2021-04-02,1968224,54154,2.75,29715,497,2021-04-23,776,,,,
29253,16965,20870,32874,35251,30546,28073,27690,2021-04-03,2004191,54725,2.73,35396,571,2021-04-24,756,,,,
16965,20870,32874,35251,30546,28073,22947,26789,2021-04-04,2037110,54929,2.70,32715,204,2021-04-25,722,,,,
20870,32874,35251,30546,28073,22947,9902,25780,2021-04-05,2068206,54993,2.66,31032,64,2021-04-26,685,,,,
32874,35251,30546,28073,22947,9902,8245,23977,2021-04-06,2095784,55053,2.63,27518,60,2021-04-27,630,,,,
35251,30546,28073,22947,9902,8245,14910,21411,2021-04-07,2115706,55691,2.63,19284,638,2021-04-28,564,,,,
30546,28073,22947,9902,8245,14910,27887,20359,2021-04-08,2139633,56645,2.65,22973,954,2021-04-29,539,,,,
28073,22947,9902,8245,14910,27887,28487,20064,2021-04-09,2172684,57413,2.64,32283,768,2021-04-30,530,,,,
22947,9902,8245,14910,27887,28487,24856,19605,2021-04-10,2209717,58162,2.63,36284,749,2021-05-01,516,,,,
9902,8245,14910,27887,28487,24856,21703,19427,2021-04-11,2238604,58407,2.61,28642,245,2021-05-02,507,,,,
8245,14910,27887,28487,24856,21703,12013,19729,2021-04-12,2265404,58468,2.58,26739,61,2021-05-03,509,,,,
14910,27887,28487,24856,21703,12013,13227,20440,2021-04-13,2288988,59112,2.58,22940,644,2021-05-04,528,,,,
27887,28487,24856,21703,12013,13227,21283,21351,2021-04-14,2300919,59915,2.60,11128,803,2021-05-05,556,,,,
28487,24856,21703,12013,13227,21283,21130,20386,2021-04-15,2311284,60597,2.62,9683,682,2021-05-06,534,,,,
24856,21703,12013,13227,21283,21130,17847,18866,2021-04-16,2329252,61192,2.63,17373,595,2021-05-07,496,,,,
21703,12013,13227,21283,21130,17847,15763,17567,2021-04-17,2360488,61808,2.62,30620,616,2021-05-08,460,,,,
12013,13227,21283,21130,17847,15763,12153,16202,2021-04-18,2387199,62015,2.60,26504,207,2021-05-09,421,,,,
13227,21283,21130,17847,15763,12153,7283,15527,2021-04-19,2411379,62116,2.58,24079,101,2021-05-10,400,,,,
21283,21130,17847,15763,12153,7283,9246,14958,2021-04-20,2432589,62717,2.58,20609,601,2021-05-11,386,,,,
21130,17847,15763,12153,7283,9246,13926,13907,2021-04-21,2445865,63457,2.59,12536,740,2021-05-12,361,,,,
17847,15763,12153,7283,9246,13926,12762,12711,2021-04-22,2461965,64151,2.61,15406,694,2021-05-13,331,,,,
15763,12153,7283,9246,13926,12762,10858,11713,2021-04-23,2483844,64690,2.60,21340,539,2021-05-14,305,,,,
12153,7283,9246,13926,12762,10858,9505,10819,2021-04-24,2506236,65203,2.60,21879,513,2021-05-15,281,,,,
7283,9246,13926,12762,10858,9505,7219,10114,2021-04-25,2523507,65396,2.59,17078,193,2021-05-16,262,,,,
9246,13926,12762,10858,9505,7219,3451,9567,2021-04-26,2539293,65418,2.58,15764,22,2021-05-17,246,,,,
13926,12762,10858,9505,7219,3451,5709,9061,2021-04-27,2552531,65878,2.58,12778,460,2021-05-18,234,,,,
12762,10858,9505,7219,3451,5709,8895,8343,2021-04-28,2560862,66514,2.60,7695,636,2021-05-19,217,,,,
10858,9505,7219,3451,5709,8895,8427,7723,2021-04-29,2571841,67055,2.61,10438,541,2021-05-20,201,,,,
9505,7219,3451,5709,8895,8427,6796,7143,2021-04-30,2585835,67484,2.61,13565,429,2021-05-21,186,,,,
7219,3451,5709,8895,8427,6796,6469,6709,2021-05-01,2600306,67907,2.61,14048,423,2021-05-22,175,,,,
3451,5709,8895,8427,6796,6469,4612,6337,2021-05-02,2610852,68051,2.61,10402,144,2021-05-23,165,,,,
5709,8895,8427,6796,6469,4612,2525,6205,2021-05-03,2619992,68088,2.60,9103,37,2021-05-24,161,,,,
8895,8427,6796,6469,4612,2525,2296,5717,2021-05-04,2627173,68116,2.59,7153,28,2021-05-25,148,,,,
8427,6796,6469,4612,2525,2296,3896,5003,2021-05-05,2631837,68465,2.60,4315,349,2021-05-26,130,,,,
6796,6469,4612,2525,2296,3896,6431,4718,2021-05-06,2639062,68975,2.61,6715,510,2021-05-27,123,,,,
6469,4612,2525,2296,3896,6431,6407,4662,2021-05-07,2648378,69428,2.62,8863,453,2021-05-28,122,,,,
4612,2525,2296,3896,6431,6407,4765,4419,2021-05-08,2657391,69849,2.63,8592,421,2021-05-29,116,,,,
2525,2296,3896,6431,6407,4765,3852,4310,2021-05-09,2664225,69996,2.63,6687,147,2021-05-30,113,,,,
2296,3896,6431,6407,4765,3852,2032,4240,2021-05-10,2670916,70018,2.62,6669,22,2021-05-31,111,,,,
3896,6431,6407,4765,3852,2032,3098,4354,2021-05-11,2675980,70337,2.63,4745,319,2021-06-01,114,,,,
6431,6407,4765,3852,2032,3098,4255,4406,2021-05-12,2679084,70680,2.64,2761,343,2021-06-02,116,,,,
6407,4765,3852,2032,3098,4255,3730,4020,2021-05-13,2682111,71022,2.65,2685,342,2021-06-03,106,,,,
4765,3852,2032,3098,4255,3730,3288,3574,2021-05-14,2687239,71311,2.65,4839,289,2021-06-04,95,,,,
3852,2032,3098,4255,3730,3288,2896,3307,2021-05-15,2694301,71609,2.66,6764,298,2021-06-05,88,,,,
2032,3098,4255,3730,3288,2896,2167,3067,2021-05-16,2699822,71664,2.65,5466,55,2021-06-06,81,,,,
3098,4255,3730,3288,2896,2167,1109,2935,2021-05-17,2704668,71675,2.65,4835,11,2021-06-07,78,,,,
4255,3730,3288,2896,2167,1109,1734,2740,2021-05-18,2708273,71767,2.65,3513,92,2021-06-08,73,,,,
3730,3288,2896,2167,1109,1734,2344,2467,2021-05-19,2710751,72096,2.66,2149,329,2021-06-09,66,,,,
3288,2896,2167,1109,1734,2344,2086,2232,2021-05-20,2714425,72346,2.67,3424,250,2021-06-10,59,,,,
2896,2167,1109,1734,2344,2086,1679,2002,2021-05-21,2718939,72537,2.67,4323,191,2021-06-11,53,,,,
2167,1109,1734,2344,2086,1679,1516,1805,2021-05-22,2723103,72728,2.67,3973,191,2021-06-12,48,,,,
1109,1734,2344,2086,1679,1516,1075,1649,2021-05-23,2726349,72774,2.67,3200,46,2021-06-13,44,,,,
1734,2344,2086,1679,1516,1075,559,1570,2021-05-24,2729440,72791,2.67,3074,17,2021-06-14,42,,,,
2344,2086,1679,1516,1075,559,1000,1466,2021-05-25,2731848,72942,2.67,2257,151,2021-06-15,39,,,,
2086,1679,1516,1075,559,1000,1267,1312,2021-05-26,2733325,73151,2.68,1268,209,2021-06-16,35,,,,
1679,1516,1075,559,1000,1267,1230,1189,2021-05-27,2735486,73286,2.68,2026,135,2021-06-17,32,,,,
1516,1075,559,1000,1267,1230,946,1085,2021-05-28,2738035,73403,2.68,2432,117,2021-06-18,29,,,,
1075,559,1000,1267,1230,946,775,979,2021-05-29,2740359,73528,2.68,2199,125,2021-06-19,26,,,,
559,1000,1267,1230,946,775,579,908,2021-05-30,2742100,73584,2.68,1685,56,2021-06-20,24,,,,
1000,1267,1230,946,775,579,333,876,2021-05-31,2743694,73591,2.68,1587,7,2021-06-21,23,,,,
1267,1230,946,775,579,333,588,817,2021-06-01,2745000,73702,2.68,1195,111,2021-06-22,22,,,,
1230,946,775,579,333,588,664,731,2021-06-02,2745806,73830,2.69,678,128,2021-06-23,20,,,,
946,775,579,333,588,664,572,637,2021-06-03,2747061,73921,2.69,1164,91,2021-06-24,17,,,,
775,579,333,588,664,572,319,547,2021-06-04,2748379,73947,2.69,1292,26,2021-06-25,15,,,,
579,333,588,664,572,319,415,496,2021-06-05,2749489,73985,2.69,1072,38,2021-06-26,13,,,,
333,588,664,572,319,415,312,458,2021-06-06,2750485,73998,2.69,983,13,2021-06-27,12,,,,
588,664,572,319,415,312,194,438,2021-06-07,2751371,74006,2.69,878,8,2021-06-28,12,,,,
664,572,319,415,312,194,400,411,2021-06-08,2752118,74101,2.69,652,95,2021-06-29,11,,,,
572,319,415,312,194,400,428,377,2021-06-09,2752604,74209,2.70,378,108,2021-06-30,10,,,,
319,415,312,194,400,428,382,350,2021-06-10,2753301,74293,2.70,613,84,2021-07-01,9,,,,
415,312,194,400,428,382,341,353,2021-06-11,2754099,74361,2.70,730,68,2021-07-02,10,,,,
312,194,400,428,382,341,239,328,2021-06-12,2754757,74408,2.70,611,47,2021-07-03,9,,,,
194,400,428,382,341,239,227,316,2021-06-13,2755137,74419,2.70,369,11,2021-07-04,9,,,,
400,428,382,341,239,227,140,308,2021-06-14,2755554,74420,2.70,416,1,2021-07-05,8,,,,
428,382,341,239,227,140,215,282,2021-06-15,2755964,74472,2.70,358,52,2021-07-06,8,,,,
382,341,239,227,140,215,241,255,2021-06-16,2756253,74534,2.70,227,62,2021-07-07,7,,,,
341,239,227,140,215,241,218,232,2021-06-17,2756745,74580,2.71,446,46,2021-07-08,6,,,,
239,227,140,215,241,218,190,210,2021-06-18,2757232,74628,2.71,439,48,2021-07-09,6,,,,
227,140,215,241,218,190,168,200,2021-06-19,2757692,74669,2.71,419,41,2021-07-10,5,,,,
140,215,241,218,190,168,133,186,2021-06-20,2758037,74674,2.71,340,5,2021-07-11,5,,,,
215,241,218,190,168,133,73,177,2021-06-21,2758273,74675,2.71,235,1,2021-07-12,5,,,,
241,218,190,168,133,73,188,173,2021-06-22,2758537,74704,2.71,235,29,2021-07-13,5,,,,
218,190,168,133,73,188,165,162,2021-06-23,2758750,74739,2.71,178,35,2021-07-14,4,,,,
190,168,133,73,188,165,147,152,2021-06-24,2759045,74763,2.71,271,24,2021-07-15,4,,,,
168,133,73,188,165,147,133,144,2021-06-25,2759328,74799,2.71,247,36,2021-07-16,4,,,,
133,73,188,165,147,133,100,134,2021-06-26,2759564,74820,2.71,215,21,2021-07-17,4,,,,
73,188,165,147,133,100,71,125,2021-06-27,2759776,74825,2.71,207,5,2021-07-18,3,,,,
188,165,147,133,100,71,52,122,2021-06-28,2759980,74825,2.71,204,0,2021-07-19,3,,,,
165,147,133,100,71,52,123,113,2021-06-29,2760154,74851,2.71,148,26,2021-07-20,3,,,,
147,133,100,71,52,123,104,104,2021-06-30,2760268,74867,2.71,98,16,2021-07-21,3,,,,
133,100,71,52,123,104,98,97,2021-07-01,2760478,74890,2.71,187,23,2021-07-22,3,,,,
100,71,52,123,104,98,96,92,2021-07-02,2760669,74911,2.71,170,21,2021-07-23,2,,,,
71,52,123,104,98,96,107,93,2021-07-03,2760832,74929,2.71,145,18,2021-07-24,3,,,,
52,123,104,98,96,107,54,91,2021-07-04,2760964,74930,2.71,131,1,2021-07-25,2,,,,
123,104,98,96,107,54,38,89,2021-07-05,2761075,74931,2.71,110,1,2021-07-26,2,,,,
104,98,96,107,54,38,96,85,2021-07-06,2761181,74941,2.71,96,10,2021-07-27,2,,,,
98,96,107,54,38,96,103,85,2021-07-07,2761281,74958,2.71,83,17,2021-07-28,2,,,,
96,107,54,38,96,103,93,84,2021-07-08,2761425,74977,2.72,125,19,2021-07-29,2,,,,
107,54,38,96,103,93,76,81,2021-07-09,2761536,74994,2.72,94,17,2021-07-30,2,,,,
54,38,96,103,93,76,86,78,2021-07-10,2761656,75001,2.72,113,7,2021-07-31,2,,,,
38,96,103,93,76,86,66,80,2021-07-11,2761751,75002,2.72,94,1,2021-08-01,2,,,,
96,103,93,76,86,66,44,81,2021-07-12,2761862,75002,2.72,111,0,2021-08-02,2,,,,
103,93,76,86,66,44,96,81,2021-07-13,2761941,75015,2.72,66,13,2021-08-03,2,,,,
93,76,86,66,44,96,86,78,2021-07-14,2762061,75021,2.72,114,6,2021-08-04,2,,,,
76,86,66,44,96,86,105,80,2021-07-15,2762167,75033,2.72,94,12,2021-08-05,2,106,12,11.32,9
86,66,44,96,86,105,93,82,2021-07-16,2762317,75047,2.72,136,14,2021-08-06,2,256,26,10.16,8
66,44,96,86,105,93,114,86,2021-07-17,2762604,75054,2.72,280,7,2021-08-07,2,543,33,6.08,5
44,96,86,105,93,114,69,87,2021-07-18,2762678,75057,2.72,71,3,2021-08-08,2,617,36,5.83,5
96,86,105,93,114,69,67,90,2021-07-19,2762759,75057,2.72,81,0,2021-08-09,2,698,36,5.16,5
86,105,93,114,69,67,104,91,2021-07-20,2762870,75061,2.72,107,4,2021-08-10,2,809,40,4.94,5
105,93,114,69,67,104,124,97,2021-07-21,2762955,75064,2.72,82,3,2021-08-11,3,894,43,4.81,5
93,114,69,67,104,124,126,100,2021-07-22,2763077,75073,2.72,113,9,2021-08-12,3,1016,52,5.12,5
114,69,67,104,124,126,108,102,2021-07-23,2763208,75077,2.72,127,4,2021-08-13,3,1147,56,4.88,5
69,67,104,124,126,108,122,103,2021-07-24,2763217,75078,2.72,8,1,2021-08-14,3,1156,57,4.93,5
67,104,124,126,108,122,82,105,2021-07-25,2763315,75079,2.72,97,1,2021-08-15,3,1254,58,4.63,5
104,124,126,108,122,82,74,106,2021-07-26,2763425,75079,2.72,110,0,2021-08-16,3,1364,58,4.25,4
124,126,108,122,82,74,106,106,2021-07-27,2763532,75086,2.72,100,7,2021-08-17,3,1471,65,4.42,5
126,108,122,82,74,106,138,108,2021-07-28,2763629,75089,2.72,94,3,2021-08-18,3,1568,68,4.34,5
108,122,82,74,106,138,167,114,2021-07-29,2763746,75094,2.72,112,5,2021-08-19,3,1685,73,4.33,5
122,82,74,106,138,167,153,120,2021-07-30,2763882,75096,2.72,134,2,2021-08-20,3,1821,75,4.12,5
82,74,106,138,167,153,153,125,2021-07-31,2764015,75098,2.72,131,2,2021-08-21,3,1954,77,3.94,5
74,106,138,167,153,153,91,126,2021-08-01,2764159,75098,2.72,144,0,2021-08-22,3,2098,77,3.67,5
106,138,167,153,153,91,91,128,2021-08-02,2764292,75098,2.72,133,0,2021-08-23,3,2231,77,3.45,4
138,167,153,153,91,91,164,137,2021-08-03,2764394,75102,2.72,98,4,2021-08-24,4,2333,81,3.47,5
167,153,153,91,91,164,164,140,2021-08-04,2764503,75106,2.72,105,4,2021-08-25,4,2442,85,3.48,5
153,153,91,91,164,164,176,142,2021-08-05,2764652,75112,2.72,143,6,2021-08-26,4,2591,91,3.51,5
153,91,91,164,164,176,172,144,2021-08-06,2764828,75118,2.72,170,6,2021-08-27,4,2767,97,3.51,5
91,91,164,164,176,172,181,148,2021-08-07,2765019,75122,2.72,187,4,2021-08-28,4,2958,101,3.41,5
91,164,164,176,172,181,122,153,2021-08-08,2765181,75122,2.72,162,0,2021-08-29,4,3120,101,3.24,5
164,164,176,172,181,122,64,149,2021-08-09,2765356,75122,2.72,175,0,2021-08-30,4,3295,101,3.07,5
164,176,172,181,122,64,200,154,2021-08-10,2765469,75122,2.72,113,0,2021-08-31,4,3408,101,2.96,5
176,172,181,122,64,200,198,159,2021-08-11,2765592,75126,2.72,119,4,2021-09-01,4,3531,105,2.97,5
172,181,122,64,200,198,223,166,2021-08-12,2765749,75128,2.72,155,2,2021-09-02,5,3688,107,2.90,5
181,122,64,200,198,223,196,169,2021-08-13,2765941,75134,2.72,186,6,2021-09-03,5,3880,113,2.91,5
122,64,200,198,223,196,211,173,2021-08-14,2766158,75136,2.72,215,2,2021-09-04,5,4097,115,2.81,5
64,200,198,223,196,211,148,177,2021-08-15,2766317,75136,2.72,159,0,2021-09-05,5,4256,115,2.70,5
200,198,223,196,211,148,128,186,2021-08-16,2766491,75136,2.72,174,0,2021-09-06,5,4430,115,2.60,5
198,223,196,211,148,128,221,189,2021-08-17,2766652,75143,2.72,154,7,2021-09-07,5,4591,122,2.66,5
223,196,211,148,128,221,208,191,2021-08-18,2766746,75144,2.72,93,1,2021-09-08,5,4685,123,2.63,5
196,211,148,128,221,208,197,187,2021-08-19,2766984,75148,2.72,234,4,2021-09-09,5,4923,127,2.58,5
211,148,128,221,208,197,212,189,2021-08-20,2767220,75152,2.72,232,4,2021-09-10,5,5159,131,2.54,5
148,128,221,208,197,212,222,191,2021-08-21,2767453,75153,2.72,232,1,2021-09-11,5,5392,132,2.45,5
128,221,208,197,212,222,185,196,2021-08-22,2767641,75153,2.72,188,0,2021-09-12,5,5580,132,2.37,5
221,208,197,212,222,185,107,193,2021-08-23,2767863,75153,2.72,222,0,2021-09-13,5,5802,132,2.28,4
208,197,212,222,185,107,233,195,2021-08-24,2768062,75161,2.72,191,8,2021-09-14,5,6001,140,2.33,5
197,212,222,185,107,233,234,199,2021-08-25,2768213,75166,2.72,146,5,2021-09-15,5,6152,145,2.36,5
212,222,185,107,233,234,251,206,2021-08-26,2768460,75169,2.72,244,3,2021-09-16,6,6399,148,2.31,5
222,185,107,233,234,251,258,213,2021-08-27,2768688,75172,2.72,225,3,2021-09-17,6,6627,151,2.28,5
185,107,233,234,251,258,290,223,2021-08-28,2768911,75177,2.72,218,5,2021-09-18,6,6850,156,2.28,5
107,233,234,251,258,290,204,225,2021-08-29,2769119,75177,2.71,208,0,2021-09-19,6,7058,156,2.21,5
233,234,251,258,290,204,151,232,2021-08-30,2769351,75177,2.71,232,0,2021-09-20,6,7290,156,2.14,5
234,251,258,290,204,151,285,239,2021-08-31,2769563,75182,2.71,207,5,2021-09-21,6,7502,161,2.15,5
251,258,290,204,151,285,366,258,2021-09-01,2769723,75195,2.71,147,13,2021-09-22,7,7662,174,2.27,6
258,290,204,151,285,366,390,278,2021-09-02,2769970,75202,2.71,240,7,2021-09-23,8,7909,181,2.29,6
290,204,151,285,366,390,349,291,2021-09-03,2770238,75207,2.71,263,5,2021-09-24,8,8177,186,2.27,7
204,151,285,366,390,349,389,305,2021-09-04,2770513,75214,2.71,268,7,2021-09-25,8,8452,193,2.28,7
151,285,366,390,349,389,324,322,2021-09-05,2732906,75379,2.76,252,0,2021-09-26,9,8704,193,2.22,7
285,366,390,349,389,324,183,327,2021-09-06,2733177,75379,2.76,271,0,2021-09-27,9,8975,193,2.15,7
366,390,349,389,324,183,406,344,2021-09-07,2733433,75392,2.76,243,13,2021-09-28,9,9231,206,2.23,8
390,349,389,324,183,406,533,368,2021-09-08,2733629,75403,2.76,185,11,2021-09-29,10,9427,217,2.30,8
349,389,324,183,406,533,510,385,2021-09-09,2733942,75409,2.76,307,6,2021-09-30,11,9740,223,2.29,9
389,324,183,406,533,510,528,410,2021-09-10,2734407,75417,2.76,457,8,2021-10-01,11,10205,231,2.26,9
324,183,406,533,510,528,530,431,2021-09-11,2734776,75425,2.76,361,8,2021-10-02,12,10574,239,2.26,10
183,406,533,510,528,530,476,452,2021-09-12,2733799,75425,2.76,350,0,2021-10-03,12,10924,239,2.19,10
406,533,510,528,530,476,269,465,2021-09-13,2734182,75425,2.76,383,0,2021-10-04,13,11307,239,2.11,10
533,510,528,530,476,269,537,483,2021-09-14,2734540,75433,2.76,350,8,2021-10-05,13,11665,247,2.12,10
510,528,530,476,269,537,767,517,2021-09-15,2734763,75454,2.76,202,21,2021-10-06,14,11888,268,2.25,12
528,530,476,269,537,767,722,547,2021-09-16,2735207,75464,2.76,434,10,2021-10-07,15,12332,278,2.25,12
530,476,269,537,767,722,652,565,2021-09-17,2735713,75472,2.76,498,8,2021-10-08,16,12838,286,2.23,13
476,269,537,767,722,652,797,603,2021-09-18,2736249,75486,2.76,522,14,2021-10-09,17,13374,300,2.24,14
269,537,767,722,652,797,540,612,2021-09-19,2736782,75487,2.76,532,1,2021-10-10,17,13907,301,2.16,13
537,767,722,652,797,540,363,625,2021-09-20,2737308,75487,2.76,526,0,2021-10-11,17,14433,301,2.09,13
767,722,652,797,540,363,711,650,2021-09-21,2737821,75502,2.76,498,15,2021-10-12,18,14946,316,2.11,14
722,652,797,540,363,711,882,667,2021-09-22,2738123,75522,2.76,282,20,2021-10-13,18,15248,336,2.20,15
652,797,540,363,711,882,974,703,2021-09-23,2738706,75536,2.76,569,14,2021-10-14,19,15831,350,2.21,16
797,540,363,711,882,974,813,726,2021-09-24,2739503,75550,2.76,783,14,2021-10-15,20,16628,364,2.19,16
540,363,711,882,974,813,917,743,2021-09-25,2740239,75570,2.76,716,20,2021-10-16,20,17364,384,2.21,16
363,711,882,974,813,917,643,758,2021-09-26,2740914,75571,2.76,674,1,2021-10-17,21,18039,385,2.13,16
711,882,974,813,917,643,421,766,2021-09-27,2741672,75571,2.76,758,0,2021-10-18,21,18797,385,2.05,16
882,974,813,917,643,421,975,804,2021-09-28,2742324,75600,2.76,623,29,2021-10-19,22,19449,414,2.13,17
974,813,917,643,421,975,1234,854,2021-09-29,2742759,75622,2.76,413,22,2021-10-20,24,19884,436,2.19,19
813,917,643,421,975,1234,1208,887,2021-09-30,2743534,75649,2.76,748,27,2021-10-21,24,20659,463,2.24,20
917,643,421,975,1234,1208,1362,966,2021-10-01,2744498,75665,2.76,948,16,2021-10-22,27,21623,479,2.22,21
643,421,975,1234,1208,1362,1344,1027,2021-10-02,2745515,75688,2.76,994,23,2021-10-23,28,22640,502,2.22,23
421,975,1234,1208,1362,1344,1090,1091,2021-10-03,2746317,75694,2.76,796,6,2021-10-24,30,23442,508,2.17,24
975,1234,1208,1362,1344,1090,684,1128,2021-10-04,2747165,75694,2.76,848,0,2021-10-25,31,24290,508,2.09,24
1234,1208,1362,1344,1090,684,1325,1178,2021-10-05,2747930,75740,2.76,719,46,2021-10-26,32,25055,554,2.21,26
1208,1362,1344,1090,684,1325,2085,1300,2021-10-06,2748454,75773,2.76,491,33,2021-10-27,36,25579,587,2.29,30
1362,1344,1090,684,1325,2085,2007,1414,2021-10-07,2749521,75802,2.76,1038,29,2021-10-28,39,26646,616,2.31,33
1344,1090,684,1325,2085,2007,1895,1490,2021-10-08,2750816,75833,2.76,1264,31,2021-10-29,41,27941,647,2.32,35
1090,684,1325,2085,2007,1895,2012,1585,2021-10-09,2752118,75862,2.76,1273,29,2021-10-30,44,29243,676,2.31,37
684,1325,2085,2007,1895,2012,1527,1648,2021-10-10,2744390,75869,2.76,1259,5,2021-10-31,45,30507,681,2.23,37
1325,2085,2007,1895,2012,1527,903,1679,2021-10-11,2745728,75869,2.76,1338,0,2021-11-01,46,31845,681,2.14,36
2085,2007,1895,2012,1527,903,2118,1792,2021-10-12,2746911,75918,2.76,1134,49,2021-11-02,50,33028,730,2.21,40
2007,1895,2012,1527,903,2118,2640,1872,2021-10-13,2747714,75958,2.76,763,40,2021-11-03,52,33831,770,2.28,43
1895,2012,1527,903,2118,2640,3000,2014,2021-10-14,2749201,76018,2.77,1427,60,2021-11-04,56,35318,830,2.35,47
2012,1527,903,2118,2640,3000,2771,2139,2021-10-15,2751289,76067,2.76,2039,49,2021-11-05,59,37406,879,2.35,50
1527,903,2118,2640,3000,2771,3236,2314,2021-10-16,2753350,76111,2.76,2017,44,2021-11-06,64,39467,923,2.34,54
903,2118,2640,3000,2771,3236,2523,2456,2021-10-17,2755297,76112,2.76,1946,1,2021-11-07,68,41414,924,2.23,55
2118,2640,3000,2771,3236,2523,1537,2546,2021-10-18,2757224,76115,2.76,1924,3,2021-11-08,70,43341,927,2.14,54
2640,3000,2771,3236,2523,1537,3931,2805,2021-10-19,2758903,76179,2.76,1615,64,2021-11-09,77,45020,991,2.20,62
3000,2771,3236,2523,1537,3931,5559,3222,2021-10-20,2759991,76254,2.76,1013,75,2021-11-10,89,46108,1066,2.31,75
2771,3236,2523,1537,3931,5559,5592,3593,2021-10-21,2762195,76300,2.76,2158,46,2021-11-11,99,48312,1112,2.30,83
3236,2523,1537,3931,5559,5592,5706,4012,2021-10-22,2764981,76359,2.76,2727,59,2021-11-12,111,51098,1171,2.29,92
2523,1537,3931,5559,5592,5706,6274,4446,2021-10-23,2768008,76434,2.76,2952,75,2021-11-13,123,54125,1246,2.30,102
1537,3931,5559,5592,5706,6274,4728,4761,2021-10-24,2770831,76447,2.76,2810,13,2021-11-14,131,56948,1259,2.21,105
3931,5559,5592,5706,6274,4728,2950,4963,2021-10-25,2773870,76447,2.76,3039,0,2021-11-15,137,59987,1259,2.10,104
5559,5592,5706,6274,4728,2950,6265,5296,2021-10-26,2776575,76540,2.76,2612,93,2021-11-16,146,62692,1352,2.16,114
5592,5706,6274,4728,2950,6265,8361,5697,2021-10-27,2778355,76673,2.76,1647,133,2021-11-17,157,64472,1485,2.30,131
5706,6274,4728,2950,6265,8361,8378,6095,2021-10-28,2782503,76774,2.76,4047,101,2021-11-18,168,68620,1586,2.31,141
6274,4728,2950,6265,8361,8378,9387,6620,2021-10-29,2788024,76876,2.76,5419,102,2021-11-19,183,74141,1688,2.28,151
4728,2950,6265,8361,8378,9387,9798,7124,2021-10-30,2793845,76991,2.76,5706,115,2021-11-20,196,79962,1803,2.25,161
2950,6265,8361,8378,9387,9798,7145,7469,2021-10-31,2799310,77000,2.75,5456,9,2021-11-21,205,85427,1812,2.12,158
6265,8361,8378,9387,9798,7145,4894,7747,2021-11-01,2805747,77013,2.74,6424,13,2021-11-22,213,91864,1825,1.99,154
8361,8378,9387,9798,7145,4894,4514,7497,2021-11-02,2810142,77022,2.74,4386,9,2021-11-23,205,96259,1834,1.91,143
8378,9387,9798,7145,4894,4514,10429,7792,2021-11-03,2813545,77146,2.74,3279,124,2021-11-24,214,99662,1958,1.96,153
9387,9798,7145,4894,4514,10429,15515,8812,2021-11-04,2820331,77396,2.74,6536,250,2021-11-25,242,106448,2208,2.07,183
9798,7145,4894,4514,10429,15515,15904,9743,2021-11-05,2828978,77548,2.74,8495,152,2021-11-26,267,115095,2360,2.05,200
7145,4894,4514,10429,15515,15904,15190,10513,2021-11-06,2838003,77734,2.74,8839,186,2021-11-27,288,124120,2546,2.05,216
4894,4514,10429,15515,15904,15190,12493,11277,2021-11-07,2846653,77758,2.73,8626,24,2021-11-28,308,132770,2570,1.94,218
4514,10429,15515,15904,15190,12493,7316,11623,2021-11-08,2856225,77761,2.72,9569,3,2021-11-29,316,142342,2573,1.81,210
10429,15515,15904,15190,12493,7316,13644,12927,2021-11-09,2864032,77981,2.72,7587,220,2021-11-30,352,150149,2793,1.86,240
15515,15904,15190,12493,7316,13644,18550,14087,2021-11-10,2869187,78250,2.73,4886,269,2021-12-01,384,155304,3062,1.97,278
15904,15190,12493,7316,13644,18550,19074,14596,2021-11-11,2874680,78524,2.73,5219,274,2021-12-02,399,160797,3336,2.07,303
15190,12493,7316,13644,18550,19074,12965,14176,2021-11-12,2885184,78555,2.72,10473,31,2021-12-03,386,171301,3367,1.97,279
12493,7316,13644,18550,19074,12965,14292,14048,2021-11-13,2901281,78821,2.72,15831,266,2021-12-04,382,187398,3633,1.94,272
7316,13644,18550,19074,12965,14292,14442,14326,2021-11-14,2916635,78867,2.70,15308,46,2021-12-05,387,202752,3679,1.81,260
13644,18550,19074,12965,14292,14442,9512,14640,2021-11-15,2931836,78879,2.69,15189,12,2021-12-06,394,217953,3691,1.69,248
18550,19074,12965,14292,14442,9512,16590,15061,2021-11-16,2944951,79161,2.69,12833,282,2021-12-07,405,231068,3973,1.72,259
19074,12965,14292,14442,9512,16590,24239,15873,2021-11-17,2953151,79624,2.70,7737,463,2021-12-08,428,239268,4436,1.85,294
12965,14292,14442,9512,16590,24239,24882,16703,2021-11-18,2967535,79994,2.70,14014,370,2021-12-09,450,253652,4806,1.89,316
14292,14442,9512,16590,24239,24882,23242,18171,2021-11-19,2986309,80397,2.69,18371,403,2021-12-10,489,272426,5209,1.91,347
14442,9512,16590,24239,24882,23242,23414,19474,2021-11-20,3006388,80779,2.69,19697,382,2021-12-11,523,292505,5591,1.91,372
9512,16590,24239,24882,23242,23414,18883,20109,2021-11-21,3019083,80820,2.68,12654,41,2021-12-12,538,305200,5632,1.85,371
16590,24239,24882,23242,23414,18883,12334,20512,2021-11-22,3033819,80828,2.66,14728,8,2021-12-13,546,319936,5640,1.76,362
24239,24882,23242,23414,18883,12334,19936,20990,2021-11-23,3049296,81226,2.66,15079,398,2021-12-14,559,335413,6038,1.80,378
24882,23242,23414,18883,12334,19936,28380,21582,2021-11-24,3059310,81686,2.67,9554,460,2021-12-15,576,345427,6498,1.88,406
23242,23414,18883,12334,19936,28380,28128,22045,2021-11-25,3077301,82183,2.67,17494,497,2021-12-16,589,363418,6995,1.92,424
23414,18883,12334,19936,28380,28128,26735,22544,2021-11-26,3102116,82604,2.66,24394,421,2021-12-17,600,388233,7416,1.91,431
18883,12334,19936,28380,28128,26735,26182,22940,2021-11-27,3127978,82982,2.65,25484,378,2021-12-18,609,414095,7794,1.88,432
12334,19936,28380,28128,26735,26182,20576,23182,2021-11-28,3151179,83033,2.63,23150,51,2021-12-19,611,437296,7845,1.79,416
19936,28380,28128,26735,26182,20576,13115,23293,2021-11-29,3174429,83051,2.62,23232,18,2021-12-20,609,460546,7863,1.71,398
28380,28128,26735,26182,20576,13115,19074,23170,2021-11-30,3194601,83577,2.62,19646,526,2021-12-21,606,480718,8389,1.75,404
28128,26735,26182,20576,13115,19074,29064,23268,2021-12-01,3208635,84147,2.62,13464,570,2021-12-22,610,494752,8959,1.81,421
26735,26182,20576,13115,19074,29064,27356,23157,2021-12-02,3230127,84649,2.62,20990,502,2021-12-23,607,516244,9461,1.83,424
26182,20576,13115,19074,29064,27356,26965,23190,2021-12-03,3258776,85119,2.61,28179,470,2021-12-24,606,544893,9931,1.82,423
20576,13115,19074,29064,27356,26965,25576,23104,2021-12-04,3288245,85621,2.60,28967,502,2021-12-25,602,574362,10433,1.82,420
13115,19074,29064,27356,26965,25576,22389,23363,2021-12-05,3314908,85666,2.58,26618,45,2021-12-26,604,601025,10478,1.74,407
19074,29064,27356,26965,25576,22389,13250,23382,2021-12-06,3341398,85691,2.56,26465,25,2021-12-27,600,627515,10503,1.67,391
29064,27356,26965,25576,22389,13250,19366,23424,2021-12-07,3363054,86195,2.56,21152,504,2021-12-28,600,649171,11007,1.70,397
27356,26965,25576,22389,13250,19366,28542,23349,2021-12-08,3377214,86787,2.57,13568,592,2021-12-29,600,663331,11599,1.75,408
26965,25576,22389,13250,19366,28542,27458,23364,2021-12-09,3398274,87349,2.57,20498,562,2021-12-30,601,684391,12161,1.78,415
25576,22389,13250,19366,28542,27458,24991,23082,2021-12-10,3427531,87920,2.57,28686,571,2021-12-31,592,713648,12732,1.78,412
22389,13250,19366,28542,27458,24991,23764,22823,2021-12-11,3457444,88406,2.56,29427,486,2022-01-01,584,743561,13218,1.78,406
13250,19366,28542,27458,24991,23764,19452,22403,2021-12-12,3484049,88471,2.54,26540,65,2022-01-02,569,770166,13283,1.72,386
19366,28542,27458,24991,23764,19452,11379,22136,2021-12-13,3510061,88500,2.52,25983,29,2022-01-03,558,796178,13312,1.67,370
28542,27458,24991,23764,19452,11379,17460,21864,2021-12-14,3533548,89037,2.52,22950,537,2022-01-04,551,819665,13849,1.69,369
27458,24991,23764,19452,11379,17460,24266,21253,2021-12-15,3548285,89706,2.53,14068,669,2022-01-05,537,834402,14518,1.74,370
24991,23764,19452,11379,17460,24266,22097,20487,2021-12-16,3569791,90298,2.53,20914,592,2022-01-06,518,855908,15110,1.77,362
23764,19452,11379,17460,24266,22097,20027,19778,2021-12-17,3598417,90864,2.53,28060,566,2022-01-07,499,884534,15676,1.77,351
19452,11379,17460,24266,22097,20027,19397,19154,2021-12-18,3628225,91407,2.52,29265,543,2022-01-08,483,914342,16219,1.77,340
11379,17460,24266,22097,20027,19397,15976,18657,2021-12-19,3653340,91477,2.50,25045,70,2022-01-09,467,939457,16289,1.73,323
17460,24266,22097,20027,19397,15976,9609,18405,2021-12-20,3677413,91506,2.49,24044,29,2022-01-10,458,963530,16318,1.69,312
24266,22097,20027,19397,15976,9609,13806,17883,2021-12-21,3698234,92044,2.49,20283,538,2022-01-11,445,984351,16856,1.71,306
22097,20027,19397,15976,9609,13806,18021,16990,2021-12-22,3711263,92819,2.50,12254,775,2022-01-12,425,997380,17631,1.77,300
20027,19397,15976,9609,13806,18021,17156,16285,2021-12-23,3731104,93435,2.50,19225,616,2022-01-13,408,1017221,18247,1.79,292
19397,15976,9609,13806,18021,17156,15392,15622,2021-12-24,3756481,94031,2.50,24781,596,2022-01-14,391,1042598,18843,1.81,282
15976,9609,13806,18021,17156,15392,10788,14393,2021-12-25,3779020,94300,2.50,22270,269,2022-01-15,359,1065137,19112,1.79,258
9609,13806,18021,17156,15392,10788,6252,13003,2021-12-26,3799374,94316,2.48,20338,16,2022-01-16,323,1085491,19128,1.76,229
13806,18021,17156,15392,10788,6252,5029,12349,2021-12-27,3818966,94354,2.47,19554,38,2022-01-17,305,1105083,19166,1.73,214
18021,17156,15392,10788,6252,5029,9843,11783,2021-12-28,3836310,94903,2.47,16795,549,2022-01-18,291,1122427,19715,1.76,207
17156,15392,10788,6252,5029,9843,15571,11433,2021-12-29,3846985,95697,2.49,9881,794,2022-01-19,284,1133102,20509,1.81,207
15392,10788,6252,5029,9843,15571,14325,11029,2021-12-30,3862342,96406,2.50,14648,709,2022-01-20,275,1148459,21218,1.85,204
10788,6252,5029,9843,15571,14325,13601,10773,2021-12-31,3881567,97044,2.50,18587,638,2022-01-21,269,1167684,21856,1.87,202
6252,5029,9843,15571,14325,13601,12032,10950,2022-01-01,3899552,97549,2.50,17480,505,2022-01-22,274,1185669,22361,1.89,207
5029,9843,15571,14325,13601,12032,7179,11083,2022-01-02,3915200,97582,2.49,15615,33,2022-01-23,276,1201317,22394,1.86,207
9843,15571,14325,13601,12032,7179,6422,11282,2022-01-03,3925768,97591,2.49,10559,9,2022-01-24,280,1211885,22403,1.85,209
15571,14325,13601,12032,7179,6422,11670,11543,2022-01-04,3933262,98024,2.49,7061,433,2022-01-25,288,1219379,22836,1.87,216
14325,13601,12032,7179,6422,11670,17196,11775,2022-01-05,3939552,98656,2.50,5658,632,2022-01-26,295,1225669,23468,1.91,225
13601,12032,7179,6422,11670,17196,16576,12097,2022-01-06,3951591,99302,2.51,11393,646,2022-01-27,304,1237708,24114,1.95,236
12032,7179,6422,11670,17196,16576,11902,11854,2022-01-07,3966929,99419,2.51,15221,117,2022-01-28,297,1253046,24231,1.93,229
7179,6422,11670,17196,16576,11902,10900,11692,2022-01-08,3982376,99711,2.50,15155,292,2022-01-29,293,1268493,24523,1.93,226
6422,11670,17196,16576,11902,10900,11106,12253,2022-01-09,3996195,99733,2.50,13797,22,2022-01-30,306,1282312,24545,1.91,235
11670,17196,16576,11902,10900,11106,7785,12448,2022-01-10,4009146,99752,2.49,12932,19,2022-01-31,310,1295263,24564,1.90,236
17196,16576,11902,10900,11106,7785,11406,12410,2022-01-11,4016967,100245,2.50,7328,493,2022-02-01,310,1303084,25057,1.92,239
16576,11902,10900,11106,7785,11406,16173,12264,2022-01-12,4024826,100929,2.51,7175,684,2022-02-02,308,1310943,25741,1.96,241
11902,10900,11106,7785,11406,16173,16878,12307,2022-01-13,4038597,101410,2.51,13290,481,2022-02-03,309,1324714,26222,1.98,244
10900,11106,7785,11406,16173,16878,16047,12899,2022-01-14,4056794,101833,2.51,17774,423,2022-02-04,324,1342911,26645,1.98,256
11106,7785,11406,16173,16878,16047,16896,13756,2022-01-15,4075282,102262,2.51,18059,429,2022-02-05,345,1361399,27074,1.99,274
7785,11406,16173,16878,16047,16896,14667,14265,2022-01-16,4087629,102297,2.50,12312,35,2022-02-06,357,1373746,27109,1.97,281
11406,16173,16878,16047,16896,14667,10445,14645,2022-01-17,4099467,102301,2.50,11834,4,2022-02-07,365,1385584,27113,1.96,287
16173,16878,16047,16896,14667,10445,19652,15823,2022-01-18,4111981,102678,2.50,12137,377,2022-02-08,395,1398098,27490,1.97,311
16878,16047,16896,14667,10445,19652,30586,17882,2022-01-19,4121008,103053,2.50,8652,375,2022-02-09,447,1407125,27865,1.98,354
16047,16896,14667,10445,19652,30586,32835,20161,2022-01-20,4134420,103368,2.50,13097,315,2022-02-10,504,1420537,28180,1.98,400
16896,14667,10445,19652,30586,32835,36665,23107,2022-01-21,4152161,103616,2.50,17493,248,2022-02-11,577,1438278,28428,1.98,457
14667,10445,19652,30586,32835,36665,40876,26532,2022-01-22,4171569,103809,2.49,19215,193,2022-02-12,660,1457686,28621,1.96,521
10445,19652,30586,32835,36665,40876,34088,29307,2022-01-23,4189105,103834,2.48,17511,25,2022-02-13,726,1475222,28646,1.94,569
19652,30586,32835,36665,40876,34088,29100,31972,2022-01-24,4207956,103836,2.47,18849,2,2022-02-14,789,1494073,28648,1.92,613
30586,32835,36665,40876,34088,29100,36995,34449,2022-01-25,4224614,104088,2.46,16406,252,2022-02-15,849,1510731,28900,1.91,659
32835,36665,40876,34088,29100,36995,53420,37711,2022-01-26,4237167,104364,2.46,12277,276,2022-02-16,929,1523284,29176,1.92,722
36665,40876,34088,29100,36995,53420,57659,41258,2022-01-27,4260138,104626,2.46,22709,262,2022-02-17,1013,1546255,29438,1.90,785
40876,34088,29100,36995,53420,57659,57262,44200,2022-01-28,4294642,104897,2.44,34233,271,2022-02-18,1080,1580759,29709,1.88,831
34088,29100,36995,53420,57659,57262,51695,45746,2022-01-29,4334221,105128,2.43,39348,231,2022-02-19,1110,1620338,29940,1.85,845
29100,36995,53420,57659,57262,51695,48251,47769,2022-01-30,4375671,105151,2.40,41427,23,2022-02-20,1148,1661788,29963,1.80,861
36995,53420,57659,57262,51695,48251,33480,48395,2022-01-31,4420557,105184,2.38,44853,33,2022-02-21,1152,1706674,29996,1.76,851
53420,57659,57262,51695,48251,33480,39114,48697,2022-02-01,4460831,105423,2.36,40035,239,2022-02-22,1151,1746948,30235,1.73,843
57659,57262,51695,48251,33480,39114,56051,49073,2022-02-02,4492572,105741,2.35,31423,318,2022-02-23,1155,1778689,30553,1.72,843
57262,51695,48251,33480,39114,56051,54477,48619,2022-02-03,4535321,106048,2.34,42442,307,2022-02-24,1137,1821438,30860,1.69,824
51695,48251,33480,39114,56051,54477,47534,47229,2022-02-04,4597145,106294,2.31,61578,246,2022-02-25,1092,1883262,31106,1.65,780
48251,33480,39114,56051,54477,47534,45749,46379,2022-02-05,4664619,106566,2.28,67202,272,2022-02-26,1060,1950736,31378,1.61,746
33480,39114,56051,54477,47534,45749,34703,44444,2022-02-06,4729411,106585,2.25,64773,19,2022-02-27,1002,2015528,31397,1.56,692
39114,56051,54477,47534,45749,34703,21980,42801,2022-02-07,4789966,106595,2.23,60545,10,2022-02-28,952,2076083,31407,1.51,647
56051,54477,47534,45749,34703,21980,35960,42351,2022-02-08,4842778,106881,2.21,52526,286,2022-03-01,935,2128895,31693,1.49,630
54477,47534,45749,34703,21980,35960,46872,41039,2022-02-09,4883550,107191,2.19,40462,310,2022-03-02,901,2169667,32003,1.48,605
47534,45749,34703,21980,35960,46872,42095,39270,2022-02-10,4934754,107453,2.18,50942,262,2022-03-03,855,2220871,32265,1.45,571
45749,34703,21980,35960,46872,42095,35777,37591,2022-02-11,4997718,107743,2.16,62674,290,2022-03-04,810,2283835,32555,1.43,536
34703,21980,35960,46872,42095,35777,31331,35531,2022-02-12,5060188,108076,2.14,62137,333,2022-03-05,759,2346305,32888,1.40,498
21980,35960,46872,42095,35777,31331,22070,33726,2022-02-13,5112096,108107,2.11,51877,31,2022-03-06,713,2398213,32919,1.37,463
35960,46872,42095,35777,31331,22070,13473,32511,2022-02-14,5162851,108124,2.09,50738,17,2022-03-07,681,2448968,32936,1.34,437
46872,42095,35777,31331,22070,13473,22267,30555,2022-02-15,5202412,108502,2.09,39183,378,2022-03-08,637,2488529,33314,1.34,409
42095,35777,31331,22070,13473,22267,28859,27982,2022-02-16,5230517,108874,2.08,27733,372,2022-03-09,582,2516634,33686,1.34,375
35777,31331,22070,13473,22267,28859,29229,26144,2022-02-17,5268007,109190,2.07,37174,316,2022-03-10,542,2554124,34002,1.33,348
31331,22070,13473,22267,28859,29229,23990,24460,2022-02-18,5314261,109494,2.06,45950,304,2022-03-11,504,2600378,34306,1.32,323
22070,13473,22267,28859,29229,23990,20902,22970,2022-02-19,5356291,109777,2.05,41747,283,2022-03-12,471,2642408,34589,1.31,301
13473,22267,28859,29229,23990,20902,13687,21772,2022-02-20,5390876,109802,2.04,34560,25,2022-03-13,443,2676993,34614,1.29,282
22267,28859,29229,23990,20902,13687,9589,21218,2022-02-21,5427235,109818,2.02,36343,16,2022-03-14,429,2713352,34630,1.28,271
28859,29229,23990,20902,13687,9589,18792,20721,2022-02-22,5477904,110143,2.01,50344,325,2022-03-15,417,2764021,34955,1.26,262
29229,23990,20902,13687,9589,18792,20456,19521,2022-02-23,5518136,110503,2.00,39872,360,2022-03-16,391,2804253,35315,1.26,246
23990,20902,13687,9589,18792,20456,18282,17957,2022-02-24,5556589,110844,1.99,38112,341,2022-03-17,358,2842706,35656,1.25,225
20902,13687,9589,18792,20456,18282,16724,16919,2022-02-25,5578155,111042,1.99,21368,198,2022-03-18,337,2864272,35854,1.25,212
13687,9589,18792,20456,18282,16724,13960,15927,2022-02-26,5593531,111263,1.99,15155,221,2022-03-19,317,2879648,36075,1.25,200
9589,18792,20456,18282,16724,13960,8902,15244,2022-02-27,5603324,111303,1.99,9753,40,2022-03-20,303,2889441,36115,1.25,191
18792,20456,18282,16724,13960,8902,6564,14811,2022-02-28,5623213,111304,1.98,19888,1,2022-03-21,293,2909330,36116,1.24,184
20456,18282,16724,13960,8902,6564,12984,13982,2022-03-01,5644843,111573,1.98,21361,269,2022-03-22,276,2930960,36385,1.24,174
18282,16724,13960,8902,6564,12984,14737,13165,2022-03-02,5663676,111850,1.97,18556,277,2022-03-23,260,2949793,36662,1.24,164
16724,13960,8902,6564,12984,14737,14068,12563,2022-03-03,5680746,112116,1.97,16804,266,2022-03-24,248,2966863,36928,1.24,156
13960,8902,6564,12984,14737,14068,12483,11957,2022-03-04,5695472,112322,1.97,14520,206,2022-03-25,236,2981589,37134,1.25,149
8902,6564,12984,14737,14068,12483,12737,11782,2022-03-05,5705541,112521,1.97,9870,199,2022-03-26,232,2991658,37333,1.25,147
6564,12984,14737,14068,12483,12737,7697,11610,2022-03-06,5712194,112531,1.97,6643,10,2022-03-27,229,2998311,37343,1.25,145
12984,14737,14068,12483,12737,7697,5585,11470,2022-03-07,5726129,112537,1.97,13929,6,2022-03-28,225,3012246,37349,1.24,142
14737,14068,12483,12737,7697,5585,13152,11494,2022-03-08,5741738,112754,1.96,15392,217,2022-03-29,226,3027855,37566,1.24,143
14068,12483,12737,7697,5585,13152,14415,11448,2022-03-09,5756233,112988,1.96,14261,234,2022-03-30,225,3042350,37800,1.24,142
12483,12737,7697,5585,13152,14415,13438,11358,2022-03-10,5769324,113172,1.96,12907,184,2022-03-31,223,3055441,37984,1.24,141
12737,7697,5585,13152,14415,13438,11637,11237,2022-03-11,5782194,113293,1.96,12749,121,2022-04-01,220,3068311,38105,1.24,140
7697,5585,13152,14415,13438,11637,11116,11006,2022-03-12,5790846,113420,1.96,8525,127,2022-04-02,216,3076963,38232,1.24,137
5585,13152,14415,13438,11637,11116,7580,10989,2022-03-13,5796803,113430,1.96,5947,10,2022-04-03,215,3082920,38242,1.24,136
13152,14415,13438,11637,11116,7580,5298,10948,2022-03-14,5810486,113431,1.95,13682,1,2022-04-04,214,3096603,38243,1.23,135
14415,13438,11637,11116,7580,5298,12695,10883,2022-03-15,5825246,113609,1.95,14582,178,2022-04-05,212,3111363,38421,1.23,134
13438,11637,11116,7580,5298,12695,14480,10892,2022-03-16,5839020,113760,1.95,13623,151,2022-04-06,212,3125137,38572,1.23,134
11637,11116,7580,5298,12695,14480,12274,10726,2022-03-17,5851524,113967,1.95,12297,207,2022-04-07,209,3137641,38779,1.24,133
11116,7580,5298,12695,14480,12274,11660,10729,2022-03-18,5862884,114074,1.95,11253,107,2022-04-08,209,3149001,38886,1.23,132
7580,5298,12695,14480,12274,11660,10379,10624,2022-03-19,5871225,114193,1.94,8222,119,2022-04-09,207,3157342,39005,1.24,131
5298,12695,14480,12274,11660,10379,5696,10355,2022-03-20,5876871,114205,1.94,5634,12,2022-04-10,201,3162988,39017,1.23,128
12695,14480,12274,11660,10379,5696,4165,10193,2022-03-21,5890031,114208,1.94,13157,3,2022-04-11,198,3176148,39020,1.23,125
14480,12274,11660,10379,5696,4165,10149,9829,2022-03-22,5904827,114341,1.94,14663,133,2022-04-12,190,3190944,39153,1.23,121
12274,11660,10379,5696,4165,10149,10437,9251,2022-03-23,5917517,114465,1.93,12566,124,2022-04-13,179,3203634,39277,1.23,113
11660,10379,5696,4165,10149,10437,8994,8783,2022-03-24,5929350,114611,1.93,11687,146,2022-04-14,170,3215467,39423,1.23,108
10379,5696,4165,10149,10437,8994,8241,8294,2022-03-25,5939942,114721,1.93,10482,110,2022-04-15,160,3226059,39533,1.23,102
5696,4165,10149,10437,8994,8241,6633,7759,2022-03-26,5946580,114806,1.93,6553,85,2022-04-16,150,3232697,39618,1.23,95
4165,10149,10437,8994,8241,6633,3494,7445,2022-03-27,5950927,114813,1.93,4340,7,2022-04-17,144,3237044,39625,1.22,91
10149,10437,8994,8241,6633,3494,2368,7188,2022-03-28,5961516,114814,1.93,10588,1,2022-04-18,138,3247633,39626,1.22,88
10437,8994,8241,6633,3494,2368,6608,6682,2022-03-29,5972548,114924,1.92,10922,110,2022-04-19,129,3258665,39736,1.22,81
8994,8241,6633,3494,2368,6608,5742,6011,2022-03-30,5983936,115025,1.92,11287,101,2022-04-20,116,3270053,39837,1.22,73
8241,6633,3494,2368,6608,5742,4997,5440,2022-03-31,5991853,115158,1.92,7784,133,2022-04-21,105,3277970,39970,1.22,66
6633,3494,2368,6608,5742,4997,4053,4842,2022-04-01,5998198,115232,1.92,6271,74,2022-04-22,93,3284315,40044,1.22,59
3494,2368,6608,5742,4997,4053,2103,4195,2022-04-02,6001362,115328,1.92,3068,96,2022-04-23,81,3287479,40140,1.22,51
2368,6608,5742,4997,4053,2103,557,3775,2022-04-03,6002745,115330,1.92,1381,2,2022-04-24,73,3288862,40142,1.22,46
6608,5742,4997,4053,2103,557,493,3508,2022-04-04,6002788,115330,1.92,43,0,2022-04-25,67,3288905,40142,1.22,43
5742,4997,4053,2103,557,493,1891,2834,2022-04-05,6002961,115380,1.92,123,50,2022-04-26,54,3289078,40192,1.22,35
4997,4053,2103,557,493,1891,1571,2238,2022-04-06,6003116,115457,1.92,78,77,2022-04-27,43,3289233,40269,1.22,27
4053,2103,557,493,1891,1571,1487,1736,2022-04-07,6003301,115521,1.92,121,64,2022-04-28,33,3289418,40333,1.23,21
2103,557,493,1891,1571,1487,1330,1347,2022-04-08,6003457,115579,1.93,98,58,2022-04-29,26,3289574,40391,1.23,17
557,493,1891,1571,1487,1330,1414,1249,2022-04-09,6003593,115620,1.93,95,41,2022-04-30,24,3289710,40432,1.23,15
493,1891,1571,1487,1330,1414,440,1232,2022-04-10,6003626,115620,1.93,33,0,2022-05-01,24,3289743,40432,1.23,15
1891,1571,1487,1330,1414,440,381,1216,2022-04-11,6003652,115620,1.93,26,0,2022-05-02,23,3289769,40432,1.23,15
1571,1487,1330,1414,440,381,1623,1178,2022-04-12,6003830,115681,1.93,117,61,2022-05-03,23,3289947,40493,1.23,14
1487,1330,1414,440,381,1623,1269,1135,2022-04-13,6003954,115721,1.93,84,40,2022-05-04,22,3290071,40533,1.23,14
1330,1414,440,381,1623,1269,1186,1092,2022-04-14,6004066,115760,1.93,73,39,2022-05-05,21,3290183,40572,1.23,13
1414,440,381,1623,1269,1186,1201,1073,2022-04-15,6004202,115794,1.93,102,34,2022-05-06,21,3290319,40606,1.23,13
440,381,1623,1269,1186,1201,1078,1025,2022-04-16,6004295,115823,1.93,64,29,2022-05-07,20,3290412,40635,1.23,13
381,1623,1269,1186,1201,1078,312,1007,2022-04-17,6004330,115823,1.93,35,0,2022-05-08,19,3290447,40635,1.23,12
1623,1269,1186,1201,1078,312,266,991,2022-04-18,6004354,115823,1.93,24,0,2022-05-09,19,3290471,40635,1.23,12
1269,1186,1201,1078,312,266,304,802,2022-04-19,6004371,115823,1.93,17,0,2022-05-10,15,3290488,40635,1.23,10
1186,1201,1078,312,266,304,1527,839,2022-04-20,6004491,115854,1.93,89,31,2022-05-11,16,3290608,40666,1.24,10
1201,1078,312,266,304,1527,1178,838,2022-04-21,6004591,115884,1.93,70,30,2022-05-12,16,3290708,40696,1.24,10
1078,312,266,304,1527,1178,1097,823,2022-04-22,6004690,115911,1.93,72,27,2022-05-13,16,3290807,40723,1.24,10
312,266,304,1527,1178,1097,1240,846,2022-04-23,6004780,115933,1.93,68,22,2022-05-14,16,3290897,40745,1.24,10
266,304,1527,1178,1097,1240,344,851,2022-04-24,6004815,115933,1.93,35,0,2022-05-15,16,3290932,40745,1.24,11
304,1527,1178,1097,1240,344,267,851,2022-04-25,6004839,115933,1.93,24,0,2022-05-16,16,3290956,40745,1.24,11
1527,1178,1097,1240,344,267,1356,1001,2022-04-26,6004939,115962,1.93,71,29,2022-05-17,19,3291056,40774,1.24,12
1178,1097,1240,344,267,1356,1041,932,2022-04-27,6005034,115983,1.93,74,21,2022-05-18,18,3291151,40795,1.24,12
1097,1240,344,267,1356,1041,958,900,2022-04-28,6005131,116007,1.93,73,24,2022-05-19,17,3291248,40819,1.24,11
1240,344,267,1356,1041,958,857,866,2022-04-29,6005214,116027,1.93,63,20,2022-05-20,17,3291331,40839,1.24,11
344,267,1356,1041,958,857,842,809,2022-04-30,6005292,116044,1.93,61,17,2022-05-21,16,3291409,40856,1.24,10
267,1356,1041,958,857,842,234,794,2022-05-01,6005325,116044,1.93,33,0,2022-05-22,15,3291442,40856,1.24,10
1356,1041,958,857,842,234,188,782,2022-05-02,6005350,116044,1.93,25,0,2022-05-23,15,3291467,40856,1.24,10
1041,958,857,842,234,188,890,716,2022-05-03,6005397,116054,1.93,37,10,2022-05-24,14,3291514,40866,1.24,9
958,857,842,234,188,890,173,592,2022-05-04,6005410,116055,1.93,12,1,2022-05-25,11,3291527,40867,1.24,7
857,842,234,188,890,173,912,585,2022-05-05,6005496,116084,1.93,57,29,2022-05-26,11,3291613,40896,1.24,7
842,234,188,890,173,912,611,550,2022-05-06,6005563,116109,1.93,42,25,2022-05-27,11,3291680,40921,1.24,7
234,188,890,173,912,611,704,530,2022-05-07,6005629,116123,1.93,52,14,2022-05-28,10,3291746,40935,1.24,7
188,890,173,912,611,704,199,525,2022-05-08,6005655,116123,1.93,26,0,2022-05-29,10,3291772,40935,1.24,7
890,173,912,611,704,199,184,525,2022-05-09,6005669,116123,1.93,14,0,2022-05-30,10,3291786,40935,1.24,7
173,912,611,704,199,184,727,501,2022-05-10,6005731,116135,1.93,50,12,2022-05-31,10,3291848,40947,1.24,6
912,611,704,199,184,727,566,558,2022-05-11,6005778,116150,1.93,32,15,2022-06-01,11,3291895,40962,1.24,7
611,704,199,184,727,566,500,499,2022-05-12,6005834,116161,1.93,45,11,2022-06-02,10,3291951,40973,1.24,6
704,199,184,727,566,500,469,478,2022-05-13,6005885,116172,1.93,40,11,2022-06-03,9,3292002,40984,1.24,6
199,184,727,566,500,469,434,440,2022-05-14,6005938,116193,1.93,32,21,2022-06-04,9,3292055,41005,1.25,5
184,727,566,500,469,434,139,431,2022-05-15,6005950,116193,1.93,12,0,2022-06-05,8,3292067,41005,1.25,5
727,566,500,469,434,139,95,419,2022-05-16,6005971,116193,1.93,21,0,2022-06-06,8,3292088,41005,1.25,5
566,500,469,434,139,95,512,388,2022-05-17,6006008,116203,1.93,27,10,2022-06-07,8,3292125,41015,1.25,5
500,469,434,139,95,512,388,362,2022-05-18,6006044,116216,1.93,23,13,2022-06-08,7,3292161,41028,1.25,5
469,434,139,95,512,388,359,342,2022-05-19,6006089,116228,1.94,33,12,2022-06-09,7,3292206,41040,1.25,4
434,139,95,512,388,359,315,320,2022-05-20,6006121,116241,1.94,19,13,2022-06-10,6,3292238,41053,1.25,4
139,95,512,388,359,315,336,306,2022-05-21,6006168,116254,1.94,34,13,2022-06-11,6,3292285,41066,1.25,4
95,512,388,359,315,336,95,300,2022-05-22,6006180,116254,1.94,12,0,2022-06-12,6,3292297,41066,1.25,4
512,388,359,315,336,95,65,296,2022-05-23,6006192,116254,1.94,12,0,2022-06-13,6,3292309,41066,1.25,4
388,359,315,336,95,65,420,283,2022-05-24,6006237,116270,1.94,29,16,2022-06-14,5,3292354,41082,1.25,4
359,315,336,95,65,420,284,268,2022-05-25,6006291,116276,1.94,48,6,2022-06-15,5,3292408,41088,1.25,3
315,336,95,65,420,284,249,252,2022-05-26,6006333,116285,1.94,33,9,2022-06-16,5,3292450,41097,1.25,3
336,95,65,420,284,249,262,244,2022-05-27,6006365,116291,1.94,26,6,2022-06-17,5,3292482,41103,1.25,3
95,65,420,284,249,262,264,234,2022-05-28,6006395,116297,1.94,24,6,2022-06-18,5,3292512,41109,1.25,3
65,420,284,249,262,264,83,232,2022-05-29,6006400,116297,1.94,5,0,2022-06-19,5,3292517,41109,1.25,3
420,284,249,262,264,83,83,235,2022-05-30,6006410,116297,1.94,10,0,2022-06-20,5,3292527,41109,1.25,3
284,249,262,264,83,83,346,224,2022-05-31,6006434,116304,1.94,17,7,2022-06-21,4,3292551,41116,1.25,3
249,262,264,83,83,346,256,220,2022-06-01,6006456,116311,1.94,15,7,2022-06-22,4,3292573,41123,1.25,3
262,264,83,83,346,256,220,216,2022-06-02,6006486,116318,1.94,23,7,2022-06-23,4,3292603,41130,1.25,3
264,83,83,346,256,220,236,213,2022-06-03,6006508,116322,1.94,18,4,2022-06-24,4,3292625,41134,1.25,3
83,83,346,256,220,236,254,211,2022-06-04,6006551,116333,1.94,32,11,2022-06-25,4,3292668,41145,1.25,3
83,346,256,220,236,254,62,208,2022-06-05,6006557,116333,1.94,6,0,2022-06-26,4,3292674,41145,1.25,3
346,256,220,236,254,62,53,204,2022-06-06,6006569,116333,1.94,12,0,2022-06-27,4,3292686,41145,1.25,3
256,220,236,254,62,53,339,203,2022-06-07,6006584,116339,1.94,9,6,2022-06-28,4,3292701,41151,1.25,3
220,236,254,62,53,339,204,195,2022-06-08,6006606,116346,1.94,15,7,2022-06-29,4,3292723,41158,1.25,2
236,254,62,53,339,204,274,203,2022-06-09,6006624,116352,1.94,12,6,2022-06-30,4,3292741,41164,1.25,3
254,62,53,339,204,274,247,205,2022-06-10,6006634,116353,1.94,9,1,2022-07-01,4,3292751,41165,1.25,3
62,53,339,204,274,247,263,206,2022-06-11,6006641,116355,1.94,5,2,2022-07-02,4,3292758,41167,1.25,3
53,339,204,274,247,263,56,205,2022-06-12,6006647,116355,1.94,6,0,2022-07-03,4,3292764,41167,1.25,3
339,204,274,247,263,56,45,204,2022-06-13,6006654,116355,1.94,7,0,2022-07-04,4,3292771,41167,1.25,3
204,274,247,263,56,45,321,201,2022-06-14,6006670,116364,1.94,7,9,2022-07-05,4,3292787,41176,1.25,3
274,247,263,56,45,321,234,206,2022-06-15,6006687,116371,1.94,10,7,2022-07-06,4,3292804,41183,1.25,3
247,263,56,45,321,234,228,199,2022-06-16,6006707,116374,1.94,17,3,2022-07-07,4,3292824,41186,1.25,2
263,56,45,321,234,228,48,171,2022-06-17,6006710,116374,1.94,3,0,2022-07-08,3,3292827,41186,1.25,2
56,45,321,234,228,48,255,170,2022-06-18,6006720,116377,1.94,7,3,2022-07-09,3,3292837,41189,1.25,2
45,321,234,228,48,255,65,171,2022-06-19,6006729,116377,1.94,9,0,2022-07-10,3,3292846,41189,1.25,2
321,234,228,48,255,65,47,171,2022-06-20,6006734,116377,1.94,5,0,2022-07-11,3,3292851,41189,1.25,2
234,228,48,255,65,47,374,179,2022-06-21,6006752,116384,1.94,11,7,2022-07-12,3,3292869,41196,1.25,2
228,48,255,65,47,374,324,192,2022-06-22,6006761,116388,1.94,5,4,2022-07-13,4,3292878,41200,1.25,2
48,255,65,47,374,324,306,203,2022-06-23,6006775,116389,1.94,13,1,2022-07-14,4,3292892,41201,1.25,3
255,65,47,374,324,306,348,246,2022-06-24,6006795,116396,1.94,13,7,2022-07-15,5,3292912,41208,1.25,3
65,47,374,324,306,348,344,258,2022-06-25,6006806,116401,1.94,6,5,2022-07-16,5,3292923,41213,1.25,3
47,374,324,306,348,344,97,263,2022-06-26,6006810,116401,1.94,4,0,2022-07-17,5,3292927,41213,1.25,3
374,324,306,348,344,97,88,269,2022-06-27,6006815,116401,1.94,5,0,2022-07-18,5,3292932,41213,1.25,3
324,306,348,344,97,88,696,315,2022-06-28,6006823,116404,1.94,5,3,2022-07-19,6,3292940,41216,1.25,4
306,348,344,97,88,696,545,346,2022-06-29,6006832,116408,1.94,5,4,2022-07-20,7,3292949,41220,1.25,4
348,344,97,88,696,545,589,387,2022-06-30,6006838,116408,1.94,6,0,2022-07-21,7,3292955,41220,1.25,5
344,97,88,696,545,589,643,429,2022-07-01,6006854,116413,1.94,11,5,2022-07-22,8,3292971,41225,1.25,5
97,88,696,545,589,643,616,468,2022-07-02,6006870,116419,1.94,10,6,2022-07-23,9,3292987,41231,1.25,6
88,696,545,589,643,616,158,476,2022-07-03,6006876,116419,1.94,6,0,2022-07-24,9,3292993,41231,1.25,6
696,545,589,643,616,158,119,481,2022-07-04,6006881,116419,1.94,5,0,2022-07-25,9,3292998,41231,1.25,6
545,589,643,616,158,119,1075,535,2022-07-05,6006889,116421,1.94,6,2,2022-07-26,10,3293006,41233,1.25,7
589,643,616,158,119,1075,964,595,2022-07-06,6006898,116424,1.94,6,3,2022-07-27,12,3293015,41236,1.25,7
643,616,158,119,1075,964,1068,663,2022-07-07,6006913,116433,1.94,6,9,2022-07-28,13,3293030,41245,1.25,8
616,158,119,1075,964,1068,1046,721,2022-07-08,6006921,116433,1.94,8,0,2022-07-29,14,3293038,41245,1.25,9
158,119,1075,964,1068,1046,1264,813,2022-07-09,6006931,116437,1.94,6,4,2022-07-30,16,3293048,41249,1.25,10
119,1075,964,1068,1046,1264,284,831,2022-07-10,6006934,116437,1.94,3,0,2022-07-31,16,3293051,41249,1.25,10
1075,964,1068,1046,1264,284,227,847,2022-07-11,6006938,116437,1.94,4,0,2022-08-01,16,3293055,41249,1.25,11
964,1068,1046,1264,284,227,2035,984,2022-07-12,6006951,116442,1.94,8,5,2022-08-02,19,3293068,41254,1.25,12
1068,1046,1264,284,227,2035,1647,1082,2022-07-13,6006966,116448,1.94,9,6,2022-08-03,21,3293083,41260,1.25,14
1046,1264,284,227,2035,1647,1840,1192,2022-07-14,6006980,116452,1.94,10,4,2022-08-04,23,3293097,41264,1.25,15
1264,284,227,2035,1647,1840,1974,1324,2022-07-15,6007002,116454,1.94,20,2,2022-08-05,26,3293119,41266,1.25,17
284,227,2035,1647,1840,1974,2131,1448,2022-07-16,6007007,116454,1.94,5,0,2022-08-06,28,3293124,41266,1.25,18
227,2035,1647,1840,1974,2131,397,1464,2022-07-17,6007015,116454,1.94,8,0,2022-08-07,28,3293132,41266,1.25,18
2035,1647,1840,1974,2131,397,319,1478,2022-07-18,6007016,116454,1.94,1,0,2022-08-08,29,3293133,41266,1.25,19
1647,1840,1974,2131,397,319,3251,1651,2022-07-19,6007033,116459,1.94,12,5,2022-08-09,32,3293150,41271,1.25,21
1840,1974,2131,397,319,3251,2853,1824,2022-07-20,6007057,116470,1.94,13,11,2022-08-10,35,3293174,41282,1.25,23
1974,2131,397,319,3251,2853,2999,1989,2022-07-21,6007073,116476,1.94,10,6,2022-08-11,39,3293190,41288,1.25,25
2131,397,319,3251,2853,2999,3038,2141,2022-07-22,6007095,116482,1.94,16,6,2022-08-12,42,3293212,41294,1.25,27
397,319,3251,2853,2999,3038,3493,2336,2022-07-23,6007117,116494,1.94,10,12,2022-08-13,45,3293234,41306,1.25,29
319,3251,2853,2999,3038,3493,642,2371,2022-07-24,6007120,116494,1.94,3,0,2022-08-14,46,3293237,41306,1.25,30
3251,2853,2999,3038,3493,642,589,2409,2022-07-25,6007122,116494,1.94,2,0,2022-08-15,47,3293239,41306,1.25,30
2853,2999,3038,3493,642,589,5108,2675,2022-07-26,6007137,116508,1.94,1,14,2022-08-16,52,3293254,41320,1.25,34
2999,3038,3493,642,589,5108,3721,2799,2022-07-27,6007150,116519,1.94,2,11,2022-08-17,54,3293267,41331,1.26,35
3038,3493,642,589,5108,3721,3514,2872,2022-07-28,6007162,116531,1.94,0,12,2022-08-18,56,3293279,41343,1.26,36
3493,642,589,5108,3721,3514,3391,2923,2022-07-29,6007175,116540,1.94,4,9,2022-08-19,57,3293292,41352,1.26,37
642,589,5108,3721,3514,3391,3687,2950,2022-07-30,6007196,116554,1.94,7,14,2022-08-20,57,3293313,41366,1.26,37
589,5108,3721,3514,3391,3687,651,2952,2022-07-31,6007202,116554,1.94,6,0,2022-08-21,57,3293319,41366,1.26,37
5108,3721,3514,3391,3687,651,618,2956,2022-08-01,6007207,116554,1.94,5,0,2022-08-22,57,3293324,41366,1.26,37
3721,3514,3391,3687,651,618,5649,3033,2022-08-02,6007234,116576,1.94,5,22,2022-08-23,59,3293351,41388,1.26,38
3514,3391,3687,651,618,5649,4479,3141,2022-08-03,6007254,116592,1.94,4,16,2022-08-24,61,3293371,41404,1.26,39
3391,3687,651,618,5649,4479,4481,3279,2022-08-04,6007279,116612,1.94,5,20,2022-08-25,64,3293396,41424,1.26,41
3687,651,618,5649,4479,4481,4295,3409,2022-08-05,6007299,116629,1.94,3,17,2022-08-26,66,3293416,41441,1.26,43
651,618,5649,4479,4481,4295,4410,3512,2022-08-06,6007318,116644,1.94,4,15,2022-08-27,68,3293435,41456,1.26,44
618,5649,4479,4481,4295,4410,698,3519,2022-08-07,6007325,116644,1.94,7,0,2022-08-28,68,3293442,41456,1.26,44
5649,4479,4481,4295,4410,698,599,3516,2022-08-08,6007329,116644,1.94,4,0,2022-08-29,68,3293446,41456,1.26,44
4479,4481,4295,4410,698,599,5964,3561,2022-08-09,6007358,116670,1.94,3,26,2022-08-30,69,3293475,41482,1.26,45
4481,4295,4410,698,599,5964,4482,3561,2022-08-10,6007390,116701,1.94,1,31,2022-08-31,69,3293507,41513,1.26,45
4295,4410,698,599,5964,4482,4321,3538,2022-08-11,6007414,116721,1.94,4,20,2022-09-01,69,3293531,41533,1.26,45
4410,698,599,5964,4482,4321,4226,3529,2022-08-12,6007430,116735,1.94,2,14,2022-09-02,69,3293547,41547,1.26,45
698,599,5964,4482,4321,4226,4642,3562,2022-08-13,6007460,116757,1.94,8,22,2022-09-03,69,3293577,41569,1.26,45
599,5964,4482,4321,4226,4642,775,3573,2022-08-14,6007469,116757,1.94,9,0,2022-09-04,69,3293586,41569,1.26,45
5964,4482,4321,4226,4642,775,772,3597,2022-08-15,6007478,116757,1.94,9,0,2022-09-05,70,3293595,41569,1.26,45
4482,4321,4226,4642,775,772,807,2861,2022-08-16,6007482,116757,1.94,4,0,2022-09-06,56,3293599,41569,1.26,36
4321,4226,4642,775,772,807,7175,3245,2022-08-17,6007519,116782,1.94,12,25,2022-09-07,63,3293636,41594,1.26,41
4226,4642,775,772,807,7175,5271,3381,2022-08-18,6007566,116810,1.94,19,28,2022-09-08,66,3293683,41622,1.26,43
4642,775,772,807,7175,5271,4819,3466,2022-08-19,6007608,116844,1.94,8,34,2022-09-09,67,3293725,41656,1.26,44
775,772,807,7175,5271,4819,4827,3492,2022-08-20,6007647,116865,1.95,18,21,2022-09-10,68,3293764,41677,1.27,44
772,807,7175,5271,4819,4827,766,3491,2022-08-21,6007657,116865,1.95,10,0,2022-09-11,68,3293774,41677,1.27,44
807,7175,5271,4819,4827,766,722,3484,2022-08-22,6007661,116865,1.95,4,0,2022-09-12,68,3293778,41677,1.27,44
7175,5271,4819,4827,766,722,6176,4251,2022-08-23,6007689,116893,1.95,0,28,2022-09-13,83,3293806,41705,1.27,54
5271,4819,4827,766,722,6176,4397,3854,2022-08-24,6007716,116920,1.95,0,27,2022-09-14,75,3293833,41732,1.27,49
4819,4827,766,722,6176,4397,3852,3651,2022-08-25,6007747,116951,1.95,0,31,2022-09-15,71,3293864,41763,1.27,46
4827,766,722,6176,4397,3852,3852,3513,2022-08-26,6007787,116991,1.95,0,40,2022-09-16,68,3293904,41803,1.27,45
766,722,6176,4397,3852,3852,3934,3386,2022-08-27,6007810,117014,1.95,0,23,2022-09-17,66,3293927,41826,1.27,43
722,6176,4397,3852,3852,3934,608,3363,2022-08-28,6007810,117014,1.95,0,0,2022-09-18,66,3293927,41826,1.27,43
6176,4397,3852,3852,3934,608,556,3339,2022-08-29,6007810,117014,1.95,0,0,2022-09-19,65,3293927,41826,1.27,42
4397,3852,3852,3934,608,556,5306,3215,2022-08-30,6007839,117043,1.95,0,29,2022-09-20,63,3293956,41855,1.27,41
3852,3852,3934,608,556,5306,3840,3135,2022-08-31,6007873,117077,1.95,0,34,2022-09-21,61,3293990,41889,1.27,40
3852,3934,608,556,5306,3840,3342,3063,2022-09-01,6007899,117103,1.95,0,26,2022-09-22,60,3294016,41915,1.27,39
3934,608,556,5306,3840,3342,3454,3006,2022-09-02,6007910,117114,1.95,0,11,2022-09-23,59,3294027,41926,1.27,38
608,556,5306,3840,3342,3454,3275,2912,2022-09-03,6007933,117137,1.95,0,23,2022-09-24,57,3294050,41949,1.27,37
556,5306,3840,3342,3454,3275,502,2896,2022-09-04,6007933,117137,1.95,0,0,2022-09-25,56,3294050,41949,1.27,37
5306,3840,3342,3454,3275,502,480,2886,2022-09-05,6007933,117137,1.95,0,0,2022-09-26,56,3294050,41949,1.27,37
3840,3342,3454,3275,502,480,5845,2963,2022-09-06,6007954,117158,1.95,0,21,2022-09-27,58,3294071,41970,1.27,38
3342,3454,3275,502,480,5845,4450,3050,2022-09-07,6007974,117178,1.95,0,20,2022-09-28,59,3294091,41990,1.27,39
3454,3275,502,480,5845,4450,4227,3176,2022-09-08,6007999,117203,1.95,0,25,2022-09-29,62,3294116,42015,1.28,41
3275,502,480,5845,4450,4227,4556,3334,2022-09-09,6008013,117217,1.95,0,14,2022-09-30,65,3294130,42029,1.28,43
502,480,5845,4450,4227,4556,4973,3576,2022-09-10,6008032,117236,1.95,0,19,2022-10-01,70,3294149,42048,1.28,46
480,5845,4450,4227,4556,4973,648,3597,2022-09-11,6008032,117236,1.95,0,0,2022-10-02,70,3294149,42048,1.28,46
5845,4450,4227,4556,4973,648,659,3623,2022-09-12,6008032,117236,1.95,0,0,2022-10-03,71,3294149,42048,1.28,46
4450,4227,4556,4973,648,659,7876,3913,2022-09-13,6008060,117264,1.95,0,28,2022-10-04,76,3294177,42076,1.28,50
4227,4556,4973,648,659,7876,6134,4153,2022-09-14,6008079,117283,1.95,0,19,2022-10-05,81,3294196,42095,1.28,53
4556,4973,648,659,7876,6134,5861,4387,2022-09-15,6008096,117300,1.95,0,17,2022-10-06,86,3294213,42112,1.28,56
4973,648,659,7876,6134,5861,5431,4512,2022-09-16,6008121,117325,1.95,0,25,2022-10-07,88,3294238,42137,1.28,58
648,659,7876,6134,5861,5431,5435,4578,2022-09-17,6008131,117335,1.95,0,10,2022-10-08,89,3294248,42147,1.28,59
659,7876,6134,5861,5431,5435,675,4582,2022-09-18,6008131,117335,1.95,0,0,2022-10-09,89,3294248,42147,1.28,59
7876,6134,5861,5431,5435,675,720,4590,2022-09-19,6008131,117335,1.95,0,0,2022-10-10,90,3294248,42147,1.28,59
6134,5861,5431,5435,675,720,7677,4562,2022-09-20,6008147,117351,1.95,0,16,2022-10-11,89,3294264,42163,1.28,58
5861,5431,5435,675,720,7677,5637,4491,2022-09-21,6008172,117376,1.95,0,25,2022-10-12,88,3294289,42188,1.28,58
5431,5435,675,720,7677,5637,4945,4360,2022-09-22,6008193,117397,1.95,0,21,2022-10-13,85,3294310,42209,1.28,56
5435,675,720,7677,5637,4945,4438,4218,2022-09-23,6008212,117416,1.95,0,19,2022-10-14,82,3294329,42228,1.28,54
675,720,7677,5637,4945,4438,4534,4089,2022-09-24,6008237,117441,1.95,0,25,2022-10-15,80,3294354,42253,1.28,52
720,7677,5637,4945,4438,4534,741,4099,2022-09-25,6008237,117441,1.95,0,0,2022-10-16,80,3294354,42253,1.28,53
7677,5637,4945,4438,4534,741,731,4100,2022-09-26,6008237,117441,1.95,0,0,2022-10-17,80,3294354,42253,1.28,53
5637,4945,4438,4534,741,731,6484,3930,2022-09-27,6008262,117466,1.96,0,25,2022-10-18,77,3294379,42278,1.28,50
4945,4438,4534,741,731,6484,4879,3822,2022-09-28,6008290,117494,1.96,0,28,2022-10-19,75,3294407,42306,1.28,49
4438,4534,741,731,6484,4879,4275,3726,2022-09-29,6008320,117524,1.96,0,30,2022-10-20,73,3294437,42336,1.29,48
4534,741,731,6484,4879,4275,3890,3648,2022-09-30,6008350,117554,1.96,0,30,2022-10-21,71,3294467,42366,1.29,47
741,731,6484,4879,4275,3890,3568,3510,2022-10-01,6008379,117583,1.96,0,29,2022-10-22,69,3294496,42395,1.29,45
731,6484,4879,4275,3890,3568,308,3448,2022-10-02,6008379,117583,1.96,0,0,2022-10-23,67,3294496,42395,1.29,44
6484,4879,4275,3890,3568,308,226,3376,2022-10-03,6008379,117583,1.96,0,0,2022-10-24,66,3294496,42395,1.29,43
4879,4275,3890,3568,308,226,4619,3109,2022-10-04,6008412,117616,1.96,0,33,2022-10-25,61,3294529,42428,1.29,40
4275,3890,3568,308,226,4619,3194,2869,2022-10-05,6008441,117645,1.96,0,29,2022-10-26,56,3294558,42457,1.29,37
3890,3568,308,226,4619,3194,2889,2671,2022-10-06,6008483,117687,1.96,0,42,2022-10-27,52,3294600,42499,1.29,34
3568,308,226,4619,3194,2889,2629,2490,2022-10-07,6008524,117728,1.96,0,41,2022-10-28,49,3294641,42540,1.29,32
308,226,4619,3194,2889,2629,3743,2515,2022-10-08,6008537,117741,1.96,0,13,2022-10-29,49,3294654,42553,1.29,32
226,4619,3194,2889,2629,3743,463,2538,2022-10-09,6008537,117741,1.96,0,0,2022-10-30,50,3294654,42553,1.29,33
4619,3194,2889,2629,3743,463,386,2560,2022-10-10,6008537,117741,1.96,0,0,2022-10-31,50,3294654,42553,1.29,33
3194,2889,2629,3743,463,386,3295,2371,2022-10-11,6008582,117786,1.96,0,45,2022-11-01,46,3294699,42598,1.29,31
2889,2629,3743,463,386,3295,2362,2252,2022-10-12,6008604,117808,1.96,0,22,2022-11-02,44,3294721,42620,1.29,29
2629,3743,463,386,3295,2362,1910,2113,2022-10-13,6008628,117832,1.96,0,24,2022-11-03,41,3294745,42644,1.29,27
3743,463,386,3295,2362,1910,1748,1987,2022-10-14,6008650,117854,1.96,0,22,2022-11-04,39,3294767,42666,1.29,26
463,386,3295,2362,1910,1748,1594,1680,2022-10-15,6008681,117885,1.96,0,31,2022-11-05,33,3294798,42697,1.30,22
386,3295,2362,1910,1748,1594,303,1657,2022-10-16,6008681,117885,1.96,0,0,2022-11-06,33,3294798,42697,1.30,21
3295,2362,1910,1748,1594,303,285,1642,2022-10-17,6008681,117885,1.96,0,0,2022-11-07,32,3294798,42697,1.30,21
2362,1910,1748,1594,303,285,2261,1495,2022-10-18,6008712,117916,1.96,0,31,2022-11-08,29,3294829,42728,1.30,19
1910,1748,1594,303,285,2261,1613,1388,2022-10-19,6008754,117958,1.96,0,42,2022-11-09,27,3294871,42770,1.30,18
1748,1594,303,285,2261,1613,1519,1332,2022-10-20,6008772,117976,1.96,0,18,2022-11-10,26,3294889,42788,1.30,17
1594,303,285,2261,1613,1519,1170,1249,2022-10-21,6008796,118000,1.96,0,24,2022-11-11,25,3294913,42812,1.30,16
303,285,2261,1613,1519,1170,1118,1181,2022-10-22,6008810,118014,1.96,0,14,2022-11-12,23,3294927,42826,1.30,15
285,2261,1613,1519,1170,1118,181,1164,2022-10-23,6008810,118014,1.96,0,0,2022-11-13,23,3294927,42826,1.30,15
2261,1613,1519,1170,1118,181,173,1148,2022-10-24,6008810,118014,1.96,0,0,2022-11-14,23,3294927,42826,1.30,15
1613,1519,1170,1118,181,173,1476,1036,2022-10-25,6008831,118035,1.96,0,21,2022-11-15,20,3294948,42847,1.30,13
1519,1170,1118,181,173,1476,1024,952,2022-10-26,6008854,118058,1.96,0,23,2022-11-16,19,3294971,42870,1.30,12
1170,1118,181,173,1476,1024,976,874,2022-10-27,6008876,118080,1.97,0,22,2022-11-17,17,3294993,42892,1.30,11
1118,181,173,1476,1024,976,791,820,2022-10-28,6008888,118092,1.97,0,12,2022-11-18,16,3295005,42904,1.30,11
181,173,1476,1024,976,791,806,775,2022-10-29,6008905,118109,1.97,0,17,2022-11-19,15,3295022,42921,1.30,10
173,1476,1024,976,791,806,158,772,2022-10-30,6008905,118109,1.97,0,0,2022-11-20,15,3295022,42921,1.30,10
1476,1024,976,791,806,158,150,769,2022-10-31,6008905,118109,1.97,0,0,2022-11-21,15,3295022,42921,1.30,10
1024,976,791,806,158,150,862,681,2022-11-01,6008912,118116,1.97,0,7,2022-11-22,13,3295029,42928,1.30,9
976,791,806,158,150,862,153,557,2022-11-02,6008912,118116,1.97,0,0,2022-11-23,11,3295029,42928,1.30,7
791,806,158,150,862,153,955,554,2022-11-03,6008924,118128,1.97,0,12,2022-11-24,11,3295041,42940,1.30,7
806,158,150,862,153,955,693,540,2022-11-04,6008938,118142,1.97,0,14,2022-11-25,11,3295055,42954,1.30,7
158,150,862,153,955,693,578,507,2022-11-05,6008951,118155,1.97,0,13,2022-11-26,10,3295068,42967,1.30,7
150,862,153,955,693,578,100,499,2022-11-06,6008951,118155,1.97,0,0,2022-11-27,10,3295068,42967,1.30,7
862,153,955,693,578,100,130,496,2022-11-07,6008951,118155,1.97,0,0,2022-11-28,10,3295068,42967,1.30,6
153,955,693,578,100,130,746,479,2022-11-08,6008959,118163,1.97,0,8,2022-11-29,9,3295076,42975,1.30,6
955,693,578,100,130,746,538,534,2022-11-09,6008976,118180,1.97,0,17,2022-11-30,11,3295093,42992,1.30,7
693,578,100,130,746,538,492,468,2022-11-10,6008986,118190,1.97,0,10,2022-12-01,9,3295103,43002,1.31,6
578,100,130,746,538,492,476,437,2022-11-11,6008991,118195,1.97,0,5,2022-12-02,9,3295108,43007,1.31,6
100,130,746,538,492,476,73,365,2022-11-12,6008991,118195,1.97,0,0,2022-12-03,7,3295108,43007,1.31,5
130,746,538,492,476,73,84,363,2022-11-13,6008991,118195,1.97,0,0,2022-12-04,7,3295108,43007,1.31,5
746,538,492,476,73,84,85,356,2022-11-14,6008991,118195,1.97,0,0,2022-12-05,7,3295108,43007,1.31,5
538,492,476,73,84,85,688,348,2022-11-15,6009008,118212,1.97,0,17,2022-12-06,7,3295125,43024,1.31,5
492,476,73,84,85,688,506,343,2022-11-16,6009023,118227,1.97,0,15,2022-12-07,7,3295140,43039,1.31,4
476,73,84,85,688,506,432,335,2022-11-17,6009033,118237,1.97,0,10,2022-12-08,7,3295150,43049,1.31,4
73,84,85,688,506,432,359,318,2022-11-18,6009048,118252,1.97,0,15,2022-12-09,6,3295165,43064,1.31,4
84,85,688,506,432,359,392,364,2022-11-19,6009055,118259,1.97,0,7,2022-12-10,7,3295172,43071,1.31,5
85,688,506,432,359,392,71,362,2022-11-20,6009055,118259,1.97,0,0,2022-12-11,7,3295172,43071,1.31,5
688,506,432,359,392,71,86,362,2022-11-21,6009055,118259,1.97,0,0,2022-12-12,7,3295172,43071,1.31,5
506,432,359,392,71,86,597,349,2022-11-22,6009063,118267,1.97,0,8,2022-12-13,7,3295180,43079,1.31,5
432,359,392,71,86,597,449,341,2022-11-23,6009073,118277,1.97,0,10,2022-12-14,7,3295190,43089,1.31,4
359,392,71,86,597,449,454,344,2022-11-24,6009077,118281,1.97,0,4,2022-12-15,7,3295194,43093,1.31,4
392,71,86,597,449,454,390,348,2022-11-25,6009079,118283,1.97,0,2,2022-12-16,7,3295196,43095,1.31,5
71,86,597,449,454,390,421,353,2022-11-26,6009087,118291,1.97,0,8,2022-12-17,7,3295204,43103,1.31,5
86,597,449,454,390,421,78,354,2022-11-27,6009087,118291,1.97,0,0,2022-12-18,7,3295204,43103,1.31,5
597,449,454,390,421,78,94,355,2022-11-28,6009087,118291,1.97,0,0,2022-12-19,7,3295204,43103,1.31,5
449,454,390,421,78,94,763,378,2022-11-29,6009094,118298,1.97,0,7,2022-12-20,7,3295211,43110,1.31,5
454,390,421,78,94,763,584,398,2022-11-30,6009100,118304,1.97,0,6,2022-12-21,8,3295217,43116,1.31,5
390,421,78,94,763,584,555,412,2022-12-01,6009109,118313,1.97,0,9,2022-12-22,8,3295226,43125,1.31,5
421,78,94,763,584,555,542,434,2022-12-02,6009113,118317,1.97,0,4,2022-12-23,9,3295230,43129,1.31,6
78,94,763,584,555,542,448,438,2022-12-03,6009121,118325,1.97,0,8,2022-12-24,9,3295238,43137,1.31,6
94,763,584,555,542,448,105,442,2022-12-04,6009121,118325,1.97,0,0,2022-12-25,9,3295238,43137,1.31,6
763,584,555,542,448,105,109,444,2022-12-05,6009121,118325,1.97,0,0,2022-12-26,9,3295238,43137,1.31,6
584,555,542,448,105,109,913,465,2022-12-06,6009128,118332,1.97,0,7,2022-12-27,9,3295245,43144,1.31,6
555,542,448,105,109,913,658,476,2022-12-07,6009132,118336,1.97,0,4,2022-12-28,9,3295249,43148,1.31,6
542,448,105,109,913,658,648,489,2022-12-08,6009147,118351,1.97,0,15,2022-12-29,10,3295264,43163,1.31,6
448,105,109,913,658,648,250,447,2022-12-09,6009153,118357,1.97,0,6,2022-12-30,9,3295270,43169,1.31,6
105,109,913,658,648,250,388,439,2022-12-10,6009164,118368,1.97,0,11,2022-12-31,9,3295281,43180,1.31,6
109,913,658,648,250,388,123,441,2022-12-11,6009164,118368,1.97,0,0,2023-01-01,9,3295281,43180,1.31,6
913,658,648,250,388,123,211,456,2022-12-12,6009164,118368,1.97,0,0,2023-01-02,9,3295281,43180,1.31,6
658,648,250,388,123,211,1089,481,2022-12-13,6009171,118375,1.97,0,7,2023-01-03,9,3295288,43187,1.31,6
648,250,388,123,211,1089,771,497,2022-12-14,6009177,118381,1.97,0,6,2023-01-04,10,3295294,43193,1.31,7
250,388,123,211,1089,771,685,502,2022-12-15,6009194,118398,1.97,0,17,2023-01-05,10,3295311,43210,1.31,7
388,123,211,1089,771,685,604,553,2022-12-16,6009201,118405,1.97,0,7,2023-01-06,11,3295318,43217,1.31,7
123,211,1089,771,685,604,621,586,2022-12-17,6009211,118415,1.97,0,10,2023-01-07,12,3295328,43227,1.31,8
211,1089,771,685,604,621,124,586,2022-12-18,6009211,118415,1.97,0,0,2023-01-08,12,3295328,43227,1.31,8
1089,771,685,604,621,124,130,575,2022-12-19,6009211,118415,1.97,0,0,2023-01-09,11,3295328,43227,1.31,8
771,685,604,621,124,130,886,546,2022-12-20,6009218,118422,1.97,0,7,2023-01-10,11,3295335,43234,1.31,7
685,604,621,124,130,886,725,539,2022-12-21,6009230,118434,1.97,0,12,2023-01-11,11,3295347,43246,1.31,7
604,621,124,130,886,725,720,544,2022-12-22,6009234,118438,1.97,0,4,2023-01-12,11,3295351,43250,1.31,7
621,124,130,886,725,720,661,552,2022-12-23,6009249,118453,1.97,0,15,2023-01-13,11,3295366,43265,1.31,7
124,130,886,725,720,661,650,557,2022-12-24,6009257,118461,1.97,0,8,2023-01-14,11,3295374,43273,1.31,7
130,886,725,720,661,650,119,556,2022-12-25,6009257,118461,1.97,0,0,2023-01-15,11,3295374,43273,1.31,7
886,725,720,661,650,119,162,560,2022-12-26,6009257,118461,1.97,0,0,2023-01-16,11,3295374,43273,1.31,7
725,720,661,650,119,162,181,460,2022-12-27,6009257,118461,1.97,0,0,2023-01-17,9,3295374,43273,1.31,6
720,661,650,119,162,181,803,471,2022-12-28,6009263,118467,1.97,0,6,2023-01-18,9,3295380,43279,1.31,6
661,650,119,162,181,803,602,454,2022-12-29,6009285,118489,1.97,0,22,2023-01-19,9,3295402,43301,1.31,6
650,119,162,181,803,602,635,450,2022-12-30,6009294,118498,1.97,0,9,2023-01-20,9,3295411,43310,1.31,6
119,162,181,803,602,635,623,446,2022-12-31,6009315,118519,1.97,0,21,2023-01-21,9,3295432,43331,1.31,6
162,181,803,602,635,623,154,451,2023-01-01,6009315,118519,1.97,0,0,2023-01-22,9,3295432,43331,1.31,6
181,803,602,635,623,154,118,445,2023-01-02,6009315,118519,1.97,0,0,2023-01-23,9,3295432,43331,1.31,6
803,602,635,623,154,118,693,518,2023-01-03,6009328,118532,1.97,0,13,2023-01-24,10,3295445,43344,1.32,7
602,635,623,154,118,693,570,485,2023-01-04,6009337,118541,1.97,0,9,2023-01-25,10,3295454,43353,1.32,6
635,623,154,118,693,570,526,474,2023-01-05,6009349,118553,1.97,0,12,2023-01-26,9,3295466,43365,1.32,6
623,154,118,693,570,526,463,450,2023-01-06,6009368,118572,1.97,0,19,2023-01-27,9,3295485,43384,1.32,6
154,118,693,570,526,463,120,378,2023-01-07,6009368,118572,1.97,0,0,2023-01-28,7,3295485,43384,1.32,5
118,693,570,526,463,120,143,376,2023-01-08,6009368,118572,1.97,0,0,2023-01-29,7,3295485,43384,1.32,5
693,570,526,463,120,143,103,374,2023-01-09,6009368,118572,1.97,0,0,2023-01-30,7,3295485,43384,1.32,5
570,526,463,120,143,103,504,347,2023-01-10,6009383,118587,1.97,0,15,2023-01-31,7,3295500,43399,1.32,5
526,463,120,143,103,504,370,318,2023-01-11,6009397,118601,1.97,0,14,2023-02-01,6,3295514,43413,1.32,4
463,120,143,103,504,370,342,292,2023-01-12,6009415,118619,1.97,0,18,2023-02-02,6,3295532,43431,1.32,4
120,143,103,504,370,342,324,272,2023-01-13,6009422,118626,1.97,0,7,2023-02-03,5,3295539,43438,1.32,4
143,103,504,370,342,324,340,304,2023-01-14,6009433,118637,1.97,0,11,2023-02-04,6,3295550,43449,1.32,4
103,504,370,342,324,340,77,294,2023-01-15,6009433,118637,1.97,0,0,2023-02-05,6,3295550,43449,1.32,4
504,370,342,324,340,77,55,287,2023-01-16,6009433,118637,1.97,0,0,2023-02-06,6,3295550,43449,1.32,4
370,342,324,340,77,55,514,289,2023-01-17,6009442,118646,1.97,0,9,2023-02-07,6,3295559,43458,1.32,4
342,324,340,77,55,514,378,290,2023-01-18,6009448,118652,1.97,0,6,2023-02-08,6,3295565,43464,1.32,4
324,340,77,55,514,378,388,297,2023-01-19,6009457,118661,1.97,0,9,2023-02-09,6,3295574,43473,1.32,4
340,77,55,514,378,388,331,298,2023-01-20,6009460,118664,1.97,0,3,2023-02-10,6,3295577,43476,1.32,4
77,55,514,378,388,331,415,308,2023-01-21,6009463,118667,1.97,0,3,2023-02-11,6,3295580,43479,1.32,4
55,514,378,388,331,415,73,308,2023-01-22,6009463,118667,1.97,0,0,2023-02-12,6,3295580,43479,1.32,4
514,378,388,331,415,73,65,309,2023-01-23,6009463,118667,1.97,0,0,2023-02-13,6,3295580,43479,1.32,4
378,388,331,415,73,65,687,334,2023-01-24,6009478,118682,1.97,0,15,2023-02-14,7,3295595,43494,1.32,4
388,331,415,73,65,687,494,350,2023-01-25,6009484,118688,1.98,0,6,2023-02-15,7,3295601,43500,1.32,5
331,415,73,65,687,494,532,371,2023-01-26,6009487,118691,1.98,0,3,2023-02-16,7,3295604,43503,1.32,5
415,73,65,687,494,532,540,401,2023-01-27,6009495,118699,1.98,0,8,2023-02-17,8,3295612,43511,1.32,5
73,65,687,494,532,540,520,416,2023-01-28,6009497,118701,1.98,0,2,2023-02-18,8,3295614,43513,1.32,5
65,687,494,532,540,520,50,413,2023-01-29,6009497,118701,1.98,0,0,2023-02-19,8,3295614,43513,1.32,5
687,494,532,540,520,50,53,411,2023-01-30,6009497,118701,1.98,0,0,2023-02-20,8,3295614,43513,1.32,5
494,532,540,520,50,53,989,454,2023-01-31,6009509,118713,1.98,0,12,2023-02-21,9,3295626,43525,1.32,6
532,540,520,50,53,989,836,503,2023-02-01,6009518,118722,1.98,0,9,2023-02-22,10,3295635,43534,1.32,7
540,520,50,53,989,836,811,543,2023-02-02,6009522,118726,1.98,0,4,2023-02-23,11,3295639,43538,1.32,7
520,50,53,989,836,811,1124,626,2023-02-03,6009525,118729,1.98,0,3,2023-02-24,12,3295642,43541,1.32,8
50,53,989,836,811,1124,820,669,2023-02-04,6009530,118734,1.98,0,5,2023-02-25,13,3295647,43546,1.32,9
53,989,836,811,1124,820,121,679,2023-02-05,6009530,118734,1.98,0,0,2023-02-26,13,3295647,43546,1.32,9
989,836,811,1124,820,121,129,690,2023-02-06,6009530,118734,1.98,0,0,2023-02-27,14,3295647,43546,1.32,9
836,811,1124,820,121,129,1447,755,2023-02-07,6009536,118740,1.98,0,6,2023-02-28,15,3295653,43552,1.32,10
811,1124,820,121,129,1447,1211,809,2023-02-08,6009544,118748,1.98,0,8,2023-03-01,16,3295661,43560,1.32,11
1124,820,121,129,1447,1211,1170,860,2023-02-09,6009549,118753,1.98,0,5,2023-03-02,17,3295666,43565,1.32,11
820,121,129,1447,1211,1170,1179,868,2023-02-10,6009557,118761,1.98,0,8,2023-03-03,17,3295674,43573,1.32,11
121,129,1447,1211,1170,1179,1350,944,2023-02-11,6009561,118765,1.98,0,4,2023-03-04,19,3295678,43577,1,12
129,1447,1211,1170,1179,1350,169,951,2023-02-12,6009561,118765,1.98,0,0,2023-03-05,18,3295678,43577,1,12
1447,1211,1170,1179,1350,169,200,961,2023-02-13,6009561,118765,1.98,0,0,2023-03-06,19,3295678,43577,1.32,13
1211,1170,1179,1350,169,200,2317,1085,2023-02-14,6009567,118771,1.98,0,6,2023-03-07,21,3295684,43583,1.32,14
1170,1179,1350,169,200,2317,1876,1180,2023-02-15,6009582,118786,1.98,0,15,2023-03-08,23,3295699,43598,1.32,16
1179,1350,169,200,2317,1876,1977,1295,2023-02-16,6009591,118795,1.98,0,9,2023-03-09,26,3295708,43607,1.32,17
1350,169,200,2317,1876,1977,1923,1402,2023-02-17,6009599,118803,1.98,0,8,2023-03-10,28,3295716,43615,1.32,19
169,200,2317,1876,1977,1923,2030,1499,2023-02-18,6009608,118812,1.98,0,9,2023-03-11,30,3295725,43624,1,20
200,2317,1876,1977,1923,2030,280,1515,2023-02-19,6009608,118812,1.98,0,0,2023-03-12,30,3295725,43624,1,20
2317,1876,1977,1923,2030,280,280,1526,2023-02-20,6009608,118812,1.98,0,0,2023-03-13,30,3295725,43624,1.32,20
1876,1977,1923,2030,280,280,3431,1685,2023-02-21,6009615,118819,1.98,0,7,2023-03-14,33,3295732,43631,1.32,22
1977,1923,2030,280,280,3431,2770,1813,2023-02-22,6009622,118826,1.98,0,7,2023-03-15,36,3295739,43638,1.32,24
1923,2030,280,280,3431,2770,2813,1932,2023-02-23,6009632,118836,1.98,0,10,2023-03-16,38,3295749,43648,1.32,26
2030,280,280,3431,2770,2813,2655,2037,2023-02-24,6009642,118846,1.98,0,10,2023-03-17,40,3295759,43658,1.32,27
280,280,3431,2770,2813,2655,2595,2118,2023-02-25,6009650,118854,1.98,0,8,2023-03-18,42,3295767,43666,1,28
280,3431,2770,2813,2655,2595,427,2139,2023-02-26,6009650,118854,1.98,0,0,2023-03-19,42,3295767,43666,1,28
3431,2770,2813,2655,2595,427,432,2160,2023-02-27,6009650,118854,1.98,0,0,2023-03-20,43,3295767,43666,1.32,29
2770,2813,2655,2595,427,432,3772,2209,2023-02-28,6009666,118870,1.98,0,16,2023-03-21,44,3295783,43682,1.33,29
2813,2655,2595,427,432,3772,2992,2241,2023-03-01,6009680,118884,1.98,0,14,2023-03-22,44,3295797,43696,1.33,30
2655,2595,427,432,3772,2992,3036,2273,2023-03-02,6009706,118910,1.98,0,26,2023-03-23,45,3295823,43722,1.33,30
2595,427,432,3772,2992,3036,3291,2364,2023-03-03,6009723,118927,1.98,0,17,2023-03-24,47,3295840,43739,1.33,31
427,432,3772,2992,3036,3291,3112,2437,2023-03-04,6009734,118938,1.98,0,11,2023-03-25,48,3295851,43750,1,32
432,3772,2992,3036,3291,3112,427,2437,2023-03-05,6009734,118938,1.98,0,0,2023-03-26,48,3295851,43750,1,32
3772,2992,3036,3291,3112,427,450,2440,2023-03-06,6009734,118938,1.98,0,0,2023-03-27,48,3295851,43750,1.33,32
2992,3036,3291,3112,427,450,4833,2592,2023-03-07,6009752,118956,1.98,0,18,2023-03-28,51,3295869,43768,1.33,34
3036,3291,3112,427,450,4833,3907,2722,2023-03-08,6009771,118975,1.98,0,19,2023-03-29,54,3295888,43787,1.33,36
3291,3112,427,450,4833,3907,3462,2783,2023-03-09,6009792,118996,1.98,0,21,2023-03-30,55,3295909,43808,1.33,37
3112,427,450,4833,3907,3462,3621,2830,2023-03-10,6009798,119002,1.98,0,6,2023-03-31,56,3295915,43814,1.33,38
427,450,4833,3907,3462,3621,3633,2905,2023-03-11,6009812,119016,1.98,0,14,2023-04-01,58,3295929,43828,1,39
450,4833,3907,3462,3621,3633,479,2912,2023-03-12,6009812,119016,1.98,0,0,2023-04-02,58,3295929,43828,1,39
4833,3907,3462,3621,3633,479,535,2924,2023-03-13,6009812,119016,1.98,0,0,2023-04-03,58,3295929,43828,1.33,39
3907,3462,3621,3633,479,535,5083,2960,2023-03-14,6009828,119032,1.98,0,16,2023-04-04,59,3295945,43844,1.33,39
3462,3621,3633,479,535,5083,4071,2983,2023-03-15,6009854,119058,1.98,0,26,2023-04-05,59,3295971,43870,1.33,40
3621,3633,479,535,5083,4071,3661,3012,2023-03-16,6009883,119087,1.98,0,29,2023-04-06,60,3296000,43899,1.33,40
3633,479,535,5083,4071,3661,3364,2975,2023-03-17,6009891,119095,1.98,0,8,2023-04-07,59,3296008,43907,1.33,40
479,535,5083,4071,3661,3364,3203,2914,2023-03-18,6009918,119122,1.98,0,27,2023-04-08,58,3296035,43934,1,39
535,5083,4071,3661,3364,3203,430,2907,2023-03-19,6009918,119122,1.98,0,0,2023-04-09,58,3296035,43934,1,39
5083,4071,3661,3364,3203,430,393,2886,2023-03-20,6009920,119124,1.98,0,2,2023-04-10,57,3296037,43936,1.33,38
4071,3661,3364,3203,430,393,4203,2761,2023-03-21,6009952,119156,1.98,0,32,2023-04-11,55,3296069,43968,1.33,37
3661,3364,3203,430,393,4203,3048,2615,2023-03-22,6009981,119185,1.98,0,29,2023-04-12,52,3296098,43997,1.33,35