Date,Voivodeships,Districts,Terytorial Code,14D Total Deaths / 10000,7D AVR Infections / 10000,(% ) Booster Dose,Date - Booster Dose,Population / 10000,t14,t13,t12,t11,t10,t9,t8,t7,t6,t5,t4,t3,t2,t1,t
2023-10-09,Entire Country,Entire Country,0000,0.00,0.05,38.18,2023-09-30,3823.19,0.05,0.05,0.05,0.05,0.05,0.05,0.05,0.05,0.05,0.05,0.05,0.05,0.05,0.05,0.05
2023-10-09,dolnośląskie,Bolesławiecki,0201,0.00,0.06,31.78,2023-09-30,8.98,0.05,0.05,0.03,0.03,0.03,0.02,0.02,0.02,0.02,0.05,0.05,0.03,0.06,0.06,0.06
2023-10-09,dolnośląskie,Dzierżoniowski,0202,0.00,0.07,35.06,2023-09-30,9.99,0.07,0.06,0.06,0.06,0.04,0.10,0.10,0.10,0.10,0.07,0.09,0.13,0.07,0.07,0.07
2023-10-09,dolnośląskie,Głogowski,0203,0.00,0.08,42.53,2023-09-30,8.84,0.08,0.15,0.11,0.08,0.13,0.14,0.14,0.14,0.10,0.10,0.10,0.08,0.08,0.08,0.08
2023-10-09,dolnośląskie,Górowski,0204,0.00,0.00,28.22,2023-09-30,3.46,0.00,0.00,0.00,0.00,0.00,0.00,0.00,0.00,0.00,0.00,0.00,0.00,0.00,0.00,0.00
2023-10-09,dolnośląskie,Jaworski,0205,0.00,0.00,35.61,2023-09-30,4.97,0.00,0.00,0.00,0.00,0.00,0.00,0.00,0.00,0.00,0.00,0.00,0.00,0.00,0.00,0.00
2023-10-09,dolnośląskie,Karkonoski,0206,0.00,0.02,29.26,2023-09-30,6.33,0.05,0.05,0.02,0.07,0.07,0.07,0.07,0.07,0.07,0.09,0.05,0.05,0.02,0.02,0.02
2023-10-09,dolnośląskie,Kamiennogórski,0207,0.00,0.13,36.62,2023-09-30,4.28,0.10,0.16,0.13,0.20,0.20,0.13,0.13,0.13,0.10,0.13,0.07,0.10,0.13,0.13,0.13
2023-10-09,dolnośląskie,Kłodzki,0208,0.00,0.02,35.81,2023-09-30,15.63,0.06,0.06,0.05,0.03,0.02,0.02,0.02,0.02,0.01,0.01,0.01,0.01,0.02,0.02,0.02
2023-10-09,dolnośląskie,Legnicki,0209,0.00,0.03,32.11,2023-09-30,5.51,0.03,0.03,0.00,0.00,0.00,0.00,0.00,0.00,0.03,0.03,0.03,0.03,0.03,0.03,0.03
2023-10-09,dolnośląskie,Lubański,0210,0.00,0.00,31.78,2023-09-30,5.39,0.03,0.03,0.03,0.03,0.03,0.03,0.03,0.03,0.03,0.03,0.03,0.00,0.00,0.00,0.00
2023-10-09,dolnośląskie,Lubiński,0211,0.00,0.08,43.73,2023-09-30,10.59,0.03,0.01,0.01,0.01,0.01,0.03,0.03,0.03,0.03,0.04,0.05,0.08,0.08,0.08,0.08
2023-10-09,dolnośląskie,Lwówecki,0212,0.00,0.00,39.37,2023-09-30,4.56,0.03,0.03,0.00,0.03,0.06,0.06,0.06,0.06,0.06,0.06,0.03,0.00,0.00,0.00,0.00
2023-10-09,dolnośląskie,Milicki,0213,0.00,0.00,35.53,2023-09-30,3.68,0.04,0.04,0.04,0.00,0.00,0.00,0.00,0.00,0.00,0.00,0.00,0.00,0.00,0.00,0.00
2023-10-09,dolnośląskie,Oleśnicki,0214,0.00,0.01,52.76,2023-09-30,10.73,0.00,0.00,0.00,0.00,0.00,0.00,0.00,0.00,0.00,0.00,0.00,0.00,0.01,0.01,0.01
2023-10-09,dolnośląskie,Oławski,0215,0.00,0.11,25.64,2023-09-30,4.36,0.04,0.02,0.06,0.07,0.09,0.07,0.07,0.07,0.09,0.07,0.07,0.06,0.11,0.11,0.11
2023-10-09,dolnośląskie,Polkowicki,0216,0.00,0.02,27.47,2023-09-30,6.30,0.02,0.02,0.02,0.02,0.05,0.07,0.07,0.07,0.07,0.05,0.07,0.05,0.02,0.02,0.02
2023-10-09,dolnośląskie,Strzeliński,0217,0.00,0.00,35.72,2023-09-30,4.32,0.03,0.03,0.03,0.03,0.03,0.00,0.00,0.00,0.00,0.00,0.00,0.00,0.00,0.00,0.00
2023-10-09,dolnośląskie,Średzki,0218,0.00,0.05,25.08,2023-09-30,5.55,0.10,0.15,0.18,0.15,0.13,0.13,0.13,0.13,0.05,0.03,0.05,0.05,0.05,0.05,0.05
2023-10-09,dolnośląskie,Świdnicki,0219,0.00,0.05,36.57,2023-09-30,15.60,0.05,0.06,0.04,0.03,0.03,0.04,0.05,0.05,0.06,0.06,0.06,0.07,0.05,0.05,0.05
2023-10-09,dolnośląskie,Trzebnicki,0220,0.00,0.03,32.67,2023-09-30,8.52,0.03,0.02,0.00,0.03,0.03,0.03,0.03,0.03,0.03,0.05,0.02,0.03,0.03,0.03,0.03
2023-10-09,dolnośląskie,Wałbrzyski,0221,0.00,0.00,24.38,2023-09-30,5.51,0.00,0.03,0.03,0.03,0.03,0.03,0.03,0.03,0.00,0.00,0.00,0.00,0.00,0.00,0.00
2023-10-09,dolnośląskie,Wołowski,0222,0.00,0.00,35.30,2023-09-30,4.66,0.03,0.00,0.00,0.00,0.00,0.00,0.00,0.00,0.00,0.00,0.00,0.00,0.00,0.00,0.00
2023-10-09,dolnośląskie,Wrocławski,0223,0.00,0.10,33.13,2023-09-30,15.63,0.14,0.15,0.10,0.10,0.10,0.10,0.10,0.10,0.10,0.11,0.13,0.14,0.10,0.10,0.10
2023-10-09,dolnośląskie,Ząbkowicki,0224,0.00,0.13,34.72,2023-09-30,6.41,0.05,0.09,0.09,0.09,0.18,0.20,0.20,0.20,0.20,0.27,0.27,0.18,0.13,0.13,0.13
2023-10-09,dolnośląskie,Zgorzelecki,0225,0.00,0.05,35.62,2023-09-30,8.84,0.03,0.02,0.02,0.02,0.00,0.00,0.00,0.00,0.00,0.00,0.03,0.05,0.05,0.05,0.05
2023-10-09,dolnośląskie,Złotoryjski,0226,0.00,0.00,37.45,2023-09-30,4.30,0.00,0.00,0.03,0.03,0.03,0.03,0.03,0.03,0.03,0.00,0.00,0.00,0.00,0.00,0.00
2023-10-09,dolnośląskie,Jelenia Góra,0261,0.00,0.04,54.47,2023-09-30,7.83,0.00,0.02,0.04,0.07,0.09,0.09,0.09,0.09,0.07,0.05,0.04,0.04,0.04,0.04,0.04
2023-10-09,dolnośląskie,Legnica,0262,0.00,0.01,43.90,2023-09-30,9.84,0.00,0.00,0.01,0.01,0.01,0.03,0.03,0.03,0.03,0.03,0.03,0.03,0.01,0.01,0.01
2023-10-09,dolnośląskie,Wrocław,0264,0.00,0.09,69.80,2023-09-30,64.19,0.07,0.06,0.06,0.06,0.06,0.05,0.05,0.05,0.06,0.07,0.08,0.08,0.09,0.09,0.09
2023-10-09,dolnośląskie,Wałbrzych,0265,0.00,0.04,55.56,2023-09-30,11.00,0.01,0.00,0.00,0.00,0.00,0.00,0.00,0.00,0.03,0.03,0.04,0.04,0.04,0.04,0.04
2023-10-09,kujawsko-pomorskie,Aleksandrowski,0401,0.00,0.00,45.79,2023-09-30,5.49,0.00,0.00,0.00,0.00,0.00,0.03,0.03,0.03,0.03,0.03,0.03,0.03,0.00,0.00,0.00
2023-10-09,kujawsko-pomorskie,Brodnicki,0402,0.00,0.02,32.87,2023-09-30,7.90,0.02,0.02,0.04,0.04,0.02,0.02,0.02,0.02,0.04,0.02,0.02,0.02,0.02,0.02,0.02
2023-10-09,kujawsko-pomorskie,Bydgoski,0403,0.00,0.08,28.33,2023-09-30,12.04,0.01,0.02,0.02,0.05,0.08,0.09,0.09,0.08,0.11,0.12,0.11,0.09,0.08,0.08,0.08
2023-10-09,kujawsko-pomorskie,Chełmiński,0404,0.00,0.03,37.14,2023-09-30,5.17,0.00,0.00,0.00,0.00,0.00,0.00,0.00,0.00,0.03,0.03,0.03,0.03,0.03,0.03,0.03
2023-10-09,kujawsko-pomorskie,Golubsko-Dobrzyński,0405,0.00,0.13,25.36,2023-09-30,4.49,0.00,0.00,0.03,0.06,0.06,0.13,0.13,0.13,0.13,0.19,0.16,0.19,0.13,0.13,0.13
2023-10-09,kujawsko-pomorskie,Grudziądzki,0406,0.00,0.07,21.38,2023-09-30,4.03,0.04,0.04,0.07,0.07,0.04,0.07,0.07,0.07,0.14,0.11,0.11,0.11,0.07,0.07,0.07
2023-10-09,kujawsko-pomorskie,Inowrocławski,0407,0.00,0.03,30.32,2023-09-30,15.85,0.09,0.08,0.04,0.03,0.02,0.02,0.02,0.02,0.02,0.02,0.03,0.03,0.03,0.03,0.03
2023-10-09,kujawsko-pomorskie,Lipnowski,0408,0.00,0.00,28.69,2023-09-30,6.55,0.11,0.11,0.09,0.04,0.04,0.00,0.00,0.00,0.00,0.00,0.00,0.00,0.00,0.00,0.00
2023-10-09,kujawsko-pomorskie,Mogileński,0409,0.00,0.00,37.27,2023-09-30,4.55,0.00,0.03,0.03,0.06,0.06,0.06,0.06,0.06,0.03,0.03,0.00,0.00,0.00,0.00,0.00
2023-10-09,kujawsko-pomorskie,Nakielski,0410,0.00,0.02,39.28,2023-09-30,8.61,0.00,0.00,0.00,0.00,0.05,0.05,0.05,0.05,0.07,0.07,0.07,0.02,0.02,0.02,0.02
2023-10-09,kujawsko-pomorskie,Radziejowski,0411,0.00,0.11,32.74,2023-09-30,4.00,0.00,0.00,0.00,0.00,0.00,0.00,0.00,0.00,0.07,0.11,0.11,0.11,0.11,0.11,0.11
2023-10-09,kujawsko-pomorskie,Rypiński,0412,0.00,0.00,33.16,2023-09-30,4.34,0.00,0.00,0.00,0.00,0.00,0.03,0.03,0.03,0.03,0.03,0.03,0.03,0.00,0.00,0.00
2023-10-09,kujawsko-pomorskie,Sępoleński,0413,0.00,0.03,36.95,2023-09-30,4.08,0.00,0.00,0.00,0.00,0.07,0.07,0.07,0.07,0.07,0.07,0.07,0.00,0.03,0.03,0.03
2023-10-09,kujawsko-pomorskie,Świecki,0414,0.00,0.00,35.52,2023-09-30,9.87,0.01,0.03,0.03,0.03,0.03,0.01,0.01,0.01,0.00,0.00,0.00,0.00,0.00,0.00,0.00
2023-10-09,kujawsko-pomorskie,Toruński,0415,0.00,0.06,20.31,2023-09-30,10.96,0.05,0.08,0.05,0.04,0.04,0.03,0.03,0.03,0.03,0.05,0.05,0.06,0.06,0.06,0.06
2023-10-09,kujawsko-pomorskie,Tucholski,0416,0.00,0.00,33.04,2023-09-30,4.83,0.06,0.00,0.00,0.00,0.00,0.00,0.00,0.00,0.00,0.00,0.00,0.00,0.00,0.00,0.00
2023-10-09,kujawsko-pomorskie,Wąbrzeski,0417,0.00,0.00,32.65,2023-09-30,3.40,0.00,0.00,0.00,0.00,0.00,0.00,0.00,0.00,0.00,0.00,0.00,0.00,0.00,0.00,0.00
2023-10-09,kujawsko-pomorskie,Włocławski,0418,0.00,0.02,25.26,2023-09-30,8.56,0.03,0.08,0.08,0.07,0.08,0.08,0.08,0.08,0.03,0.03,0.03,0.03,0.02,0.02,0.02
2023-10-09,kujawsko-pomorskie,Żniński,0419,0.00,0.08,24.43,2023-09-30,6.99,0.00,0.00,0.02,0.02,0.04,0.06,0.06,0.06,0.06,0.04,0.08,0.10,0.08,0.08,0.08
2023-10-09,kujawsko-pomorskie,Bydgoszcz,0461,0.00,0.07,63.86,2023-09-30,34.41,0.03,0.04,0.03,0.02,0.03,0.06,0.06,0.06,0.07,0.09,0.11,0.11,0.07,0.07,0.07
2023-10-09,kujawsko-pomorskie,Grudziądz,0462,0.00,0.06,50.18,2023-09-30,9.36,0.06,0.08,0.11,0.09,0.12,0.15,0.15,0.15,0.15,0.15,0.14,0.09,0.06,0.06,0.06
2023-10-09,kujawsko-pomorskie,Toruń,0463,0.00,0.04,61.63,2023-09-30,19.86,0.06,0.05,0.06,0.04,0.04,0.04,0.04,0.04,0.04,0.04,0.04,0.04,0.04,0.04,0.04
2023-10-09,kujawsko-pomorskie,Włocławek,0464,0.00,0.00,47.42,2023-09-30,10.86,0.05,0.06,0.05,0.04,0.04,0.04,0.04,0.04,0.01,0.01,0.01,0.00,0.00,0.00,0.00
2023-10-09,lubelskie,Bialski,0601,0.00,0.08,20.02,2023-09-30,11.00,0.03,0.03,0.01,0.03,0.03,0.05,0.05,0.05,0.06,0.06,0.08,0.09,0.08,0.08,0.08
2023-10-09,lubelskie,Biłgorajski,0602,0.00,0.03,21.40,2023-09-30,10.03,0.11,0.13,0.10,0.03,0.04,0.04,0.04,0.04,0.03,0.04,0.04,0.03,0.03,0.03,0.03
2023-10-09,lubelskie,Chełmski,0603,0.00,0.09,17.24,2023-09-30,7.75,0.02,0.02,0.02,0.00,0.00,0.00,0.00,0.00,0.02,0.06,0.06,0.07,0.09,0.09,0.09
2023-10-09,lubelskie,Hrubieszowski,0604,0.00,0.07,26.53,2023-09-30,6.20,0.02,0.05,0.05,0.11,0.11,0.09,0.09,0.09,0.07,0.07,0.00,0.00,0.07,0.07,0.07
2023-10-09,lubelskie,Janowski,0605,0.00,0.00,18.82,2023-09-30,4.51,0.03,0.03,0.03,0.00,0.03,0.03,0.03,0.03,0.03,0.03,0.03,0.00,0.00,0.00,0.00
2023-10-09,lubelskie,Krasnostawski,0606,0.00,0.09,27.31,2023-09-30,6.26,0.00,0.00,0.00,0.02,0.02,0.02,0.02,0.02,0.05,0.05,0.02,0.07,0.09,0.09,0.09
2023-10-09,lubelskie,Kraśnicki,0607,0.00,0.05,25.57,2023-09-30,9.45,0.02,0.05,0.06,0.08,0.06,0.06,0.06,0.06,0.03,0.03,0.02,0.03,0.05,0.05,0.05
2023-10-09,lubelskie,Lubartowski,0608,0.00,0.02,21.10,2023-09-30,8.79,0.02,0.03,0.05,0.05,0.05,0.06,0.06,0.06,0.05,0.03,0.02,0.03,0.02,0.02,0.02
2023-10-09,lubelskie,Lubelski,0609,0.00,0.06,19.42,2023-09-30,15.65,0.07,0.08,0.06,0.05,0.06,0.05,0.05,0.05,0.07,0.10,0.09,0.06,0.06,0.06,0.06
2023-10-09,lubelskie,Łęczyński,0610,0.17,0.07,21.98,2023-09-30,5.72,0.35,0.35,0.35,0.45,0.45,0.15,0.15,0.15,0.12,0.10,0.00,0.05,0.07,0.07,0.07
2023-10-09,lubelskie,Łukowski,0611,0.00,0.04,18.44,2023-09-30,10.62,0.04,0.04,0.08,0.15,0.13,0.12,0.12,0.12,0.13,0.11,0.04,0.04,0.04,0.04,0.04
2023-10-09,lubelskie,Opolski,0612,0.00,0.02,28.27,2023-09-30,5.87,0.02,0.07,0.10,0.07,0.10,0.12,0.12,0.12,0.10,0.07,0.07,0.05,0.02,0.02,0.02
2023-10-09,lubelskie,Parczewski,0613,0.00,0.00,26.50,2023-09-30,3.44,0.00,0.00,0.00,0.04,0.04,0.04,0.04,0.04,0.04,0.04,0.00,0.00,0.00,0.00,0.00
2023-10-09,lubelskie,Puławski,0614,0.00,0.33,34.68,2023-09-30,11.24,0.16,0.11,0.13,0.14,0.15,0.15,0.15,0.15,0.25,0.29,0.30,0.32,0.33,0.33,0.33
2023-10-09,lubelskie,Radzyński,0615,0.00,0.07,19.10,2023-09-30,5.83,0.02,0.02,0.02,0.02,0.05,0.05,0.05,0.05,0.05,0.05,0.05,0.02,0.07,0.07,0.07
2023-10-09,lubelskie,Rycki,0616,0.00,0.10,34.52,2023-09-30,5.55,0.21,0.13,0.10,0.05,0.03,0.05,0.05,0.05,0.08,0.08,0.10,0.08,0.10,0.10,0.10
2023-10-09,lubelskie,Świdnicki,0617,0.00,0.06,32.58,2023-09-30,7.14,0.04,0.02,0.02,0.02,0.04,0.06,0.06,0.06,0.06,0.10,0.12,0.10,0.06,0.06,0.06
2023-10-09,lubelskie,Tomaszowski,0618,0.00,0.09,23.87,2023-09-30,8.19,0.02,0.03,0.03,0.03,0.05,0.07,0.07,0.07,0.05,0.10,0.10,0.10,0.09,0.09,0.09
2023-10-09,lubelskie,Włodawski,0619,0.00,0.07,32.54,2023-09-30,3.80,0.07,0.15,0.07,0.07,0.11,0.11,0.11,0.11,0.04,0.04,0.04,0.00,0.04,0.04,0.07
2023-10-09,lubelskie,Zamojski,0620,0.00,0.13,16.84,2023-09-30,10.54,0.05,0.09,0.09,0.08,0.13,0.15,0.15,0.15,0.16,0.16,0.15,0.13,0.13,0.13,0.13
2023-10-09,lubelskie,Biała Podlaska,0661,0.00,0.22,43.43,2023-09-30,5.69,0.10,0.12,0.10,0.07,0.05,0.05,0.05,0.05,0.10,0.20,0.20,0.25,0.22,0.22,0.22
2023-10-09,lubelskie,Chełm,0662,0.00,0.07,43.81,2023-09-30,6.11,0.02,0.00,0.02,0.02,0.05,0.07,0.07,0.07,0.11,0.09,0.09,0.07,0.07,0.07,0.07
2023-10-09,lubelskie,Lublin,0663,0.00,0.09,51.59,2023-09-30,33.86,0.08,0.08,0.08,0.10,0.12,0.12,0.12,0.12,0.13,0.12,0.10,0.07,0.09,0.09,0.09
2023-10-09,lubelskie,Zamość,0664,0.00,0.23,51.53,2023-09-30,6.28,0.07,0.09,0.09,0.14,0.23,0.27,0.23,0.20,0.23,0.23,0.34,0.25,0.23,0.23,0.23
2023-10-09,lubuskie,Gorzowski,0801,0.00,0.02,18.44,2023-09-30,7.23,0.02,0.00,0.00,0.00,0.00,0.00,0.00,0.00,0.02,0.02,0.02,0.02,0.02,0.02,0.02
2023-10-09,lubuskie,Krośnieński,0802,0.00,0.00,35.60,2023-09-30,5.46,0.00,0.00,0.00,0.00,0.00,0.03,0.03,0.03,0.03,0.03,0.03,0.03,0.00,0.00,0.00
2023-10-09,lubuskie,Międzyrzecki,0803,0.00,0.00,42.25,2023-09-30,5.71,0.00,0.00,0.00,0.00,0.02,0.02,0.02,0.02,0.02,0.02,0.02,0.00,0.00,0.00,0.00
2023-10-09,lubuskie,Nowosolski,0804,0.00,0.15,44.34,2023-09-30,8.57,0.02,0.02,0.05,0.05,0.05,0.08,0.08,0.08,0.10,0.08,0.10,0.18,0.15,0.15,0.15
2023-10-09,lubuskie,Słubicki,0805,0.00,0.00,35.55,2023-09-30,4.69,0.15,0.15,0.09,0.09,0.09,0.03,0.03,0.03,0.03,0.00,0.00,0.00,0.00,0.00,0.00
2023-10-09,lubuskie,Strzelecko-Drezdenecki,0806,0.00,0.20,36.62,2023-09-30,4.86,0.06,0.06,0.00,0.00,0.00,0.03,0.03,0.03,0.06,0.09,0.20,0.20,0.20,0.20,0.20
2023-10-09,lubuskie,Sulęciński,0807,0.00,0.00,38.89,2023-09-30,3.50,0.00,0.00,0.00,0.00,0.00,0.00,0.00,0.00,0.00,0.00,0.00,0.00,0.00,0.00,0.00
2023-10-09,lubuskie,Świebodziński,0808,0.00,0.00,36.48,2023-09-30,5.55,0.00,0.00,0.00,0.00,0.03,0.03,0.03,0.03,0.03,0.03,0.03,0.00,0.00,0.00,0.00
2023-10-09,lubuskie,Zielonogórski,0809,0.00,0.04,36.81,2023-09-30,7.57,0.00,0.02,0.02,0.02,0.04,0.06,0.06,0.06,0.04,0.04,0.06,0.06,0.04,0.04,0.04
2023-10-09,lubuskie,Żagański,0810,0.00,0.04,41.38,2023-09-30,7.81,0.06,0.04,0.04,0.04,0.02,0.02,0.02,0.02,0.05,0.05,0.05,0.05,0.04,0.04,0.04
2023-10-09,lubuskie,Żarski,0811,0.00,0.03,40.95,2023-09-30,9.54,0.00,0.03,0.03,0.03,0.03,0.03,0.03,0.03,0.01,0.01,0.03,0.03,0.03,0.03,0.03
2023-10-09,lubuskie,Wschowski,0812,0.00,0.07,28.58,2023-09-30,3.86,0.00,0.00,0.00,0.00,0.00,0.00,0.00,0.00,0.00,0.00,0.00,0.00,0.07,0.07,0.07
2023-10-09,lubuskie,Gorzów Wielkopolski,0861,0.00,0.09,56.35,2023-09-30,12.26,0.03,0.02,0.03,0.03,0.03,0.05,0.05,0.05,0.03,0.02,0.03,0.03,0.09,0.09,0.09
2023-10-09,lubuskie,Zielona Góra,0862,0.00,0.08,52.18,2023-09-30,14.09,0.02,0.01,0.00,0.00,0.01,0.01,0.01,0.01,0.04,0.04,0.05,0.07,0.08,0.08,0.08
2023-10-09,łódzkie,Bełchatowski,1001,0.00,0.06,28.32,2023-09-30,11.24,0.01,0.03,0.03,0.03,0.01,0.03,0.03,0.03,0.01,0.01,0.01,0.03,0.06,0.06,0.06
2023-10-09,łódzkie,Kutnowski,1002,0.00,0.03,38.43,2023-09-30,9.55,0.03,0.04,0.03,0.04,0.04,0.06,0.06,0.06,0.03,0.03,0.01,0.03,0.03,0.03,0.03
2023-10-09,łódzkie,Łaski,1003,0.00,0.03,26.74,2023-09-30,4.97,0.03,0.03,0.00,0.00,0.00,0.00,0.00,0.00,0.00,0.00,0.00,0.03,0.03,0.03,0.03
2023-10-09,łódzkie,Łęczycki,1004,0.00,0.06,36.87,2023-09-30,4.93,0.00,0.00,0.00,0.00,0.00,0.00,0.00,0.00,0.00,0.00,0.03,0.03,0.06,0.06,0.06
2023-10-09,łódzkie,Łowicki,1005,0.00,0.04,35.09,2023-09-30,7.76,0.04,0.04,0.04,0.02,0.02,0.00,0.00,0.00,0.02,0.04,0.04,0.04,0.04,0.04,0.04
2023-10-09,łódzkie,Łódzki Wschodni,1006,0.00,0.00,32.44,2023-09-30,7.26,0.00,0.00,0.02,0.02,0.02,0.02,0.02,0.02,0.02,0.00,0.00,0.00,0.00,0.00,0.00
2023-10-09,łódzkie,Opoczyński,1007,0.00,0.00,26.19,2023-09-30,7.55,0.02,0.02,0.02,0.00,0.00,0.00,0.00,0.00,0.00,0.00,0.00,0.00,0.00,0.00,0.00
2023-10-09,łódzkie,Pabianicki,1008,0.00,0.01,47.40,2023-09-30,11.89,0.02,0.02,0.01,0.00,0.02,0.02,0.02,0.02,0.02,0.02,0.02,0.01,0.01,0.01,0.01
2023-10-09,łódzkie,Pajęczański,1009,0.00,0.06,20.85,2023-09-30,5.10,0.00,0.03,0.03,0.03,0.03,0.03,0.03,0.03,0.03,0.06,0.06,0.06,0.06,0.06,0.06
2023-10-09,łódzkie,Piotrkowski,1010,0.00,0.00,19.42,2023-09-30,9.12,0.00,0.00,0.00,0.00,0.00,0.00,0.00,0.00,0.00,0.00,0.00,0.00,0.00,0.00,0.00
2023-10-09,łódzkie,Poddębicki,1011,0.00,0.00,32.27,2023-09-30,4.09,0.07,0.07,0.07,0.07,0.00,0.00,0.00,0.00,0.00,0.00,0.00,0.00,0.00,0.00,0.00
2023-10-09,łódzkie,Radomszczański,1012,0.00,0.03,31.73,2023-09-30,11.17,0.01,0.01,0.01,0.01,0.03,0.04,0.04,0.04,0.04,0.04,0.03,0.04,0.03,0.03,0.03
2023-10-09,łódzkie,Rawski,1013,0.00,0.00,22.44,2023-09-30,4.84,0.03,0.03,0.03,0.03,0.03,0.00,0.00,0.00,0.00,0.00,0.00,0.00,0.00,0.00,0.00
2023-10-09,łódzkie,Sieradzki,1014,0.00,0.05,31.34,2023-09-30,11.69,0.00,0.00,0.01,0.01,0.03,0.03,0.03,0.03,0.04,0.04,0.04,0.04,0.05,0.05,0.05
2023-10-09,łódzkie,Skierniewicki,1015,0.00,0.00,14.50,2023-09-30,3.82,0.04,0.00,0.04,0.04,0.07,0.07,0.07,0.07,0.07,0.04,0.04,0.00,0.00,0.00,0.00
2023-10-09,łódzkie,Tomaszowski,1016,0.00,0.00,31.72,2023-09-30,11.57,0.07,0.05,0.03,0.01,0.03,0.01,0.01,0.01,0.01,0.01,0.01,0.00,0.00,0.00,0.00
2023-10-09,łódzkie,Wieluński,1017,0.00,0.00,36.29,2023-09-30,7.57,0.02,0.02,0.04,0.02,0.02,0.02,0.02,0.02,0.02,0.00,0.00,0.00,0.00,0.00,0.00
2023-10-09,łódzkie,Wieruszowski,1018,0.00,0.00,30.30,2023-09-30,4.20,0.03,0.00,0.00,0.00,0.00,0.00,0.00,0.00,0.00,0.00,0.00,0.00,0.00,0.00,0.00
2023-10-09,łódzkie,Zduńskowolski,1019,0.00,0.00,33.75,2023-09-30,6.61,0.00,0.00,0.00,0.00,0.00,0.00,0.00,0.00,0.00,0.00,0.00,0.00,0.00,0.00,0.00
2023-10-09,łódzkie,Zgierski,1020,0.00,0.03,37.07,2023-09-30,16.59,0.01,0.02,0.02,0.01,0.01,0.01,0.01,0.01,0.01,0.01,0.03,0.03,0.03,0.03,0.03
2023-10-09,łódzkie,Brzeziński,1021,0.00,0.05,33.85,2023-09-30,3.06,0.09,0.09,0.05,0.05,0.05,0.05,0.05,0.05,0.00,0.05,0.05,0.05,0.05,0.05,0.05
2023-10-09,łódzkie,Łódź,1061,0.00,0.02,57.85,2023-09-30,67.22,0.04,0.03,0.02,0.02,0.02,0.01,0.01,0.01,0.02,0.01,0.01,0.02,0.02,0.02,0.02
2023-10-09,łódzkie,Piotrków Trybunalski,1062,0.00,0.00,53.44,2023-09-30,7.23,0.04,0.04,0.08,0.08,0.04,0.04,0.04,0.04,0.04,0.00,0.00,0.00,0.00,0.00,0.00
2023-10-09,łódzkie,Skierniewice,1063,0.00,0.30,57.07,2023-09-30,4.77,0.03,0.06,0.09,0.12,0.18,0.15,0.15,0.15,0.18,0.21,0.21,0.18,0.30,0.30,0.30
2023-10-09,małopolskie,Bocheński,1201,0.00,0.19,29.66,2023-09-30,10.69,0.04,0.08,0.13,0.17,0.19,0.16,0.17,0.17,0.19,0.17,0.13,0.19,0.20,0.19,0.19
2023-10-09,małopolskie,Brzeski,1202,0.00,0.06,23.86,2023-09-30,9.30,0.00,0.05,0.05,0.06,0.06,0.08,0.09,0.09,0.05,0.08,0.08,0.08,0.08,0.06,0.06
2023-10-09,małopolskie,Chrzanowski,1203,0.00,0.05,39.44,2023-09-30,12.37,0.05,0.05,0.07,0.07,0.06,0.05,0.05,0.05,0.05,0.02,0.02,0.03,0.05,0.05,0.05
2023-10-09,małopolskie,Dąbrowski,1204,0.00,0.00,20.75,2023-09-30,5.90,0.00,0.00,0.00,0.05,0.05,0.10,0.10,0.10,0.10,0.10,0.05,0.05,0.00,0.00,0.00
2023-10-09,małopolskie,Gorlicki,1205,0.00,0.04,24.04,2023-09-30,10.85,0.12,0.14,0.17,0.14,0.17,0.17,0.17,0.17,0.10,0.09,0.05,0.03,0.04,0.04,0.04
2023-10-09,małopolskie,Krakowski,1206,0.00,0.01,24.87,2023-09-30,28.14,0.02,0.02,0.02,0.02,0.02,0.02,0.02,0.02,0.02,0.01,0.02,0.02,0.01,0.01,0.01
2023-10-09,małopolskie,Limanowski,1207,0.00,0.00,19.66,2023-09-30,13.21,0.01,0.02,0.02,0.02,0.02,0.01,0.01,0.01,0.00,0.00,0.00,0.00,0.00,0.00,0.00
2023-10-09,małopolskie,Miechowski,1208,0.00,0.09,32.64,2023-09-30,4.85,0.03,0.03,0.03,0.03,0.03,0.00,0.00,0.00,0.03,0.03,0.03,0.09,0.09,0.09,0.09
2023-10-09,małopolskie,Myślenicki,1209,0.00,0.01,25.23,2023-09-30,12.80,0.04,0.03,0.03,0.03,0.01,0.01,0.01,0.01,0.01,0.02,0.02,0.01,0.01,0.01,0.01
2023-10-09,małopolskie,Nowosądecki,1210,0.00,0.05,17.36,2023-09-30,21.71,0.07,0.05,0.07,0.05,0.05,0.06,0.06,0.06,0.05,0.03,0.05,0.05,0.05,0.05,0.05
2023-10-09,małopolskie,Nowotarski,1211,0.00,0.00,19.75,2023-09-30,19.16,0.01,0.01,0.01,0.01,0.01,0.01,0.01,0.01,0.01,0.01,0.00,0.00,0.00,0.00,0.00
2023-10-09,małopolskie,Olkuski,1212,0.00,0.05,38.54,2023-09-30,11.05,0.01,0.01,0.00,0.00,0.00,0.00,0.00,0.00,0.00,0.05,0.05,0.05,0.05,0.05,0.05
2023-10-09,małopolskie,Oświęcimski,1213,0.00,0.08,37.66,2023-09-30,15.27,0.02,0.01,0.01,0.02,0.03,0.04,0.04,0.04,0.05,0.07,0.07,0.07,0.08,0.08,0.08
2023-10-09,małopolskie,Proszowicki,1214,0.00,0.03,31.44,2023-09-30,4.31,0.00,0.00,0.00,0.07,0.07,0.07,0.07,0.07,0.07,0.10,0.03,0.03,0.03,0.03,0.03
2023-10-09,małopolskie,Suski,1215,0.00,0.07,29.97,2023-09-30,8.38,0.05,0.05,0.03,0.02,0.02,0.02,0.03,0.03,0.03,0.05,0.05,0.05,0.09,0.07,0.07
2023-10-09,małopolskie,Tarnowski,1216,0.00,0.01,14.51,2023-09-30,20.12,0.04,0.04,0.04,0.04,0.05,0.04,0.04,0.04,0.04,0.04,0.02,0.01,0.01,0.01,0.01
2023-10-09,małopolskie,Tatrzański,1217,0.00,0.00,19.49,2023-09-30,6.80,0.00,0.00,0.00,0.02,0.02,0.02,0.02,0.02,0.02,0.02,0.00,0.00,0.00,0.00,0.00
2023-10-09,małopolskie,Wadowicki,1218,0.00,0.12,30.74,2023-09-30,15.97,0.13,0.07,0.07,0.06,0.06,0.06,0.06,0.06,0.09,0.09,0.13,0.11,0.12,0.12,0.12
2023-10-09,małopolskie,Wielicki,1219,0.00,0.03,37.77,2023-09-30,13.07,0.03,0.03,0.03,0.04,0.06,0.04,0.04,0.04,0.06,0.04,0.03,0.02,0.03,0.03,0.03
2023-10-09,małopolskie,Kraków,1261,0.00,0.06,64.13,2023-09-30,78.00,0.05,0.06,0.07,0.07,0.08,0.09,0.09,0.09,0.08,0.07,0.06,0.06,0.06,0.06,0.06
2023-10-09,małopolskie,Nowy Sącz,1262,0.00,0.00,36.71,2023-09-30,8.36,0.00,0.02,0.03,0.07,0.07,0.09,0.09,0.09,0.07,0.05,0.02,0.02,0.00,0.00,0.00
2023-10-09,małopolskie,Tarnów,1263,0.00,0.01,48.16,2023-09-30,10.75,0.05,0.06,0.05,0.04,0.04,0.03,0.03,0.03,0.01,0.01,0.01,0.01,0.01,0.01,0.01
2023-10-09,mazowieckie,Białobrzeski,1401,0.00,0.04,28.52,2023-09-30,3.33,0.00,0.00,0.00,0.00,0.04,0.04,0.04,0.04,0.09,0.09,0.09,0.04,0.04,0.04,0.04
2023-10-09,mazowieckie,Ciechanowski,1402,0.00,0.00,31.81,2023-09-30,8.89,0.00,0.03,0.05,0.05,0.05,0.05,0.05,0.05,0.02,0.00,0.00,0.00,0.00,0.00,0.00
2023-10-09,mazowieckie,Garwoliński,1403,0.00,0.06,25.81,2023-09-30,10.86,0.09,0.10,0.06,0.08,0.06,0.08,0.08,0.08,0.08,0.06,0.08,0.06,0.06,0.06,0.06
2023-10-09,mazowieckie,Gostyniński,1404,0.00,0.13,24.83,2023-09-30,4.46,0.03,0.06,0.06,0.06,0.03,0.03,0.06,0.06,0.06,0.09,0.09,0.13,0.13,0.13,0.13
2023-10-09,mazowieckie,Grodziski,1405,0.00,0.00,44.16,2023-09-30,9.75,0.10,0.04,0.03,0.03,0.01,0.01,0.01,0.01,0.01,0.01,0.01,0.01,0.00,0.00,0.00
2023-10-09,mazowieckie,Grójecki,1406,0.00,0.03,34.42,2023-09-30,9.80,0.09,0.09,0.10,0.07,0.09,0.04,0.04,0.04,0.04,0.01,0.03,0.03,0.03,0.03,0.03
2023-10-09,mazowieckie,Kozienicki,1407,0.00,0.07,29.57,2023-09-30,5.96,0.02,0.00,0.02,0.05,0.05,0.05,0.05,0.05,0.05,0.05,0.05,0.05,0.07,0.07,0.07
2023-10-09,mazowieckie,Legionowski,1408,0.00,0.11,44.99,2023-09-30,11.99,0.15,0.15,0.13,0.09,0.08,0.08,0.08,0.07,0.10,0.10,0.12,0.11,0.11,0.11,0.11
2023-10-09,mazowieckie,Lipski,1409,0.00,0.13,24.22,2023-09-30,3.36,0.08,0.17,0.17,0.21,0.21,0.21,0.21,0.21,0.13,0.13,0.13,0.17,0.13,0.13,0.13
2023-10-09,mazowieckie,Łosicki,1410,0.00,0.09,21.60,2023-09-30,3.06,0.23,0.28,0.19,0.19,0.05,0.09,0.09,0.09,0.05,0.09,0.09,0.09,0.09,0.09,0.09
2023-10-09,mazowieckie,Makowski,1411,0.00,0.03,30.65,2023-09-30,4.44,0.06,0.03,0.00,0.00,0.03,0.03,0.03,0.03,0.06,0.06,0.06,0.03,0.03,0.03,0.03
2023-10-09,mazowieckie,Miński,1412,0.00,0.14,32.54,2023-09-30,15.50,0.07,0.07,0.06,0.10,0.15,0.18,0.18,0.18,0.16,0.19,0.18,0.15,0.14,0.14,0.14
2023-10-09,mazowieckie,Mławski,1413,0.00,0.04,29.81,2023-09-30,7.23,0.04,0.04,0.00,0.00,0.00,0.00,0.00,0.00,0.00,0.00,0.02,0.04,0.04,0.04,0.04
2023-10-09,mazowieckie,Nowodworski,1414,0.00,0.07,40.42,2023-09-30,7.93,0.04,0.11,0.11,0.11,0.13,0.13,0.13,0.13,0.07,0.07,0.09,0.07,0.07,0.07,0.07
2023-10-09,mazowieckie,Ostrołęcki,1415,0.00,0.05,16.76,2023-09-30,8.85,0.05,0.05,0.05,0.02,0.02,0.02,0.00,0.00,0.00,0.02,0.02,0.02,0.05,0.05,0.05
2023-10-09,mazowieckie,Ostrowski,1416,0.00,0.24,23.88,2023-09-30,7.18,0.30,0.36,0.34,0.44,0.44,0.42,0.42,0.42,0.30,0.34,0.26,0.28,0.24,0.24,0.24
2023-10-09,mazowieckie,Otwocki,1417,0.00,0.32,39.07,2023-09-30,12.43,0.13,0.14,0.19,0.23,0.16,0.15,0.15,0.16,0.19,0.16,0.24,0.32,0.33,0.33,0.32
2023-10-09,mazowieckie,Piaseczyński,1418,0.00,0.06,58.62,2023-09-30,19.06,0.10,0.13,0.12,0.11,0.09,0.07,0.07,0.07,0.04,0.04,0.04,0.06,0.06,0.06,0.06
2023-10-09,mazowieckie,Płocki,1419,0.00,0.03,21.82,2023-09-30,11.07,0.05,0.08,0.08,0.05,0.05,0.06,0.06,0.06,0.01,0.04,0.04,0.04,0.03,0.03,0.03
2023-10-09,mazowieckie,Płoński,1420,0.00,0.00,27.80,2023-09-30,8.67,0.03,0.07,0.05,0.05,0.07,0.05,0.05,0.05,0.02,0.02,0.02,0.00,0.00,0.00,0.00
2023-10-09,mazowieckie,Pruszkowski,1421,0.00,0.02,44.82,2023-09-30,16.67,0.05,0.05,0.04,0.03,0.03,0.02,0.02,0.02,0.00,0.00,0.02,0.02,0.02,0.02,0.02
2023-10-09,mazowieckie,Przasnyski,1422,0.00,0.16,28.27,2023-09-30,5.21,0.03,0.03,0.03,0.08,0.08,0.05,0.05,0.05,0.11,0.14,0.08,0.14,0.16,0.16,0.16
2023-10-09,mazowieckie,Przysuski,1423,0.00,0.10,25.41,2023-09-30,4.11,0.03,0.03,0.03,0.07,0.07,0.10,0.10,0.10,0.07,0.07,0.07,0.10,0.10,0.10,0.10
2023-10-09,mazowieckie,Pułtuski,1424,0.00,0.05,28.59,2023-09-30,5.17,0.00,0.00,0.00,0.00,0.00,0.00,0.00,0.00,0.00,0.03,0.03,0.03,0.05,0.05,0.05
2023-10-09,mazowieckie,Radomski,1425,0.00,0.08,15.74,2023-09-30,15.22,0.02,0.03,0.04,0.04,0.05,0.05,0.05,0.05,0.06,0.06,0.07,0.06,0.08,0.08,0.08
2023-10-09,mazowieckie,Siedlecki,1426,0.00,0.10,11.02,2023-09-30,8.14,0.17,0.19,0.18,0.16,0.14,0.09,0.09,0.09,0.07,0.05,0.07,0.10,0.10,0.10,0.10
2023-10-09,mazowieckie,Sierpecki,1427,0.00,0.14,27.51,2023-09-30,5.15,0.08,0.06,0.08,0.03,0.03,0.03,0.03,0.03,0.08,0.08,0.11,0.11,0.14,0.14,0.14
2023-10-09,mazowieckie,Sochaczewski,1428,0.00,0.02,35.84,2023-09-30,8.48,0.15,0.19,0.22,0.15,0.12,0.10,0.10,0.10,0.07,0.00,0.02,0.02,0.02,0.02,0.02
2023-10-09,mazowieckie,Sokołowski,1429,0.00,0.08,28.59,2023-09-30,5.33,0.03,0.00,0.00,0.00,0.00,0.00,0.00,0.00,0.00,0.00,0.00,0.03,0.08,0.08,0.08
2023-10-09,mazowieckie,Szydłowiecki,1430,0.00,0.00,19.81,2023-09-30,3.93,0.00,0.00,0.04,0.04,0.04,0.04,0.04,0.04,0.04,0.00,0.00,0.00,0.00,0.00,0.00
2023-10-09,mazowieckie,Warszawski Zachodni,1432,0.00,0.07,52.04,2023-09-30,12.01,0.02,0.07,0.10,0.13,0.13,0.13,0.13,0.13,0.07,0.06,0.05,0.06,0.07,0.07,0.07
2023-10-09,mazowieckie,Węgrowski,1433,0.00,0.13,23.36,2023-09-30,6.54,0.11,0.09,0.17,0.17,0.19,0.15,0.15,0.17,0.15,0.13,0.11,0.09,0.15,0.15,0.13
2023-10-09,mazowieckie,Wołomiński,1434,0.00,0.10,39.33,2023-09-30,25.24,0.05,0.04,0.06,0.05,0.09,0.09,0.09,0.09,0.11,0.10,0.11,0.11,0.10,0.10,0.10
2023-10-09,mazowieckie,Wyszkowski,1435,0.00,0.06,32.01,2023-09-30,7.42,0.11,0.09,0.07,0.07,0.06,0.06,0.06,0.06,0.07,0.07,0.06,0.06,0.06,0.06,0.06
2023-10-09,mazowieckie,Zwoleński,1436,0.00,0.00,19.87,2023-09-30,3.59,0.16,0.08,0.08,0.12,0.16,0.08,0.08,0.08,0.08,0.08,0.04,0.00,0.00,0.00,0.00
2023-10-09,mazowieckie,Żuromiński,1437,0.00,0.00,26.46,2023-09-30,3.82,0.11,0.11,0.11,0.15,0.07,0.11,0.11,0.11,0.11,0.11,0.04,0.04,0.00,0.00,0.00
2023-10-09,mazowieckie,Żyrardowski,1438,0.00,0.08,34.32,2023-09-30,7.54,0.13,0.11,0.15,0.11,0.09,0.04,0.04,0.04,0.09,0.08,0.08,0.08,0.08,0.08,0.08
2023-10-09,mazowieckie,Ostrołęka,1461,0.00,0.08,45.68,2023-09-30,5.17,0.00,0.00,0.00,0.03,0.03,0.05,0.05,0.05,0.08,0.14,0.11,0.11,0.08,0.08,0.08
2023-10-09,mazowieckie,Płock,1462,0.00,0.05,51.83,2023-09-30,11.83,0.02,0.01,0.02,0.02,0.02,0.05,0.05,0.05,0.06,0.05,0.05,0.06,0.05,0.05,0.05
2023-10-09,mazowieckie,Radom,1463,0.00,0.04,39.32,2023-09-30,20.93,0.02,0.01,0.02,0.02,0.03,0.03,0.03,0.03,0.05,0.04,0.04,0.03,0.04,0.04,0.04
2023-10-09,mazowieckie,Siedlce,1464,0.00,0.09,40.09,2023-09-30,7.78,0.11,0.13,0.17,0.13,0.11,0.09,0.09,0.09,0.13,0.11,0.09,0.09,0.09,0.09,0.09
2023-10-09,mazowieckie,Warszawa,1465,0.02,0.06,71.30,2023-09-30,179.42,0.07,0.07,0.08,0.08,0.08,0.08,0.08,0.08,0.08,0.07,0.07,0.06,0.06,0.06,0.06
2023-10-09,opolskie,Brzeski,1601,0.00,0.00,28.77,2023-09-30,8.93,0.03,0.03,0.03,0.03,0.02,0.02,0.02,0.02,0.00,0.00,0.00,0.00,0.00,0.00,0.00
2023-10-09,opolskie,Głubczycki,1602,0.00,0.09,32.90,2023-09-30,4.50,0.03,0.06,0.06,0.09,0.06,0.06,0.06,0.06,0.03,0.06,0.03,0.06,0.09,0.09,0.09
2023-10-09,opolskie,Kędzierzyńsko-Kozielski,1603,0.00,0.05,32.72,2023-09-30,9.30,0.06,0.05,0.03,0.05,0.05,0.06,0.06,0.06,0.08,0.08,0.06,0.05,0.05,0.05,0.05
2023-10-09,opolskie,Kluczborski,1604,0.00,0.02,35.27,2023-09-30,6.50,0.00,0.00,0.00,0.00,0.00,0.00,0.00,0.00,0.00,0.00,0.00,0.02,0.02,0.02,0.02
2023-10-09,opolskie,Krapkowicki,1605,0.00,0.00,51.97,2023-09-30,6.32,0.02,0.02,0.02,0.02,0.02,0.00,0.00,0.00,0.00,0.00,0.00,0.00,0.00,0.00,0.00
2023-10-09,opolskie,Namysłowski,1606,0.00,0.00,32.47,2023-09-30,4.25,0.03,0.00,0.00,0.00,0.00,0.00,0.00,0.00,0.00,0.00,0.00,0.00,0.00,0.00,0.00
2023-10-09,opolskie,Nyski,1607,0.00,0.09,26.88,2023-09-30,13.49,0.13,0.15,0.14,0.17,0.17,0.16,0.16,0.16,0.12,0.10,0.10,0.09,0.09,0.09,0.09
2023-10-09,opolskie,Oleski,1608,0.00,0.00,27.30,2023-09-30,6.38,0.02,0.02,0.02,0.02,0.00,0.00,0.00,0.00,0.00,0.00,0.00,0.00,0.00,0.00,0.00
2023-10-09,opolskie,Opolski,1609,0.00,0.07,23.68,2023-09-30,12.35,0.03,0.03,0.05,0.07,0.06,0.05,0.05,0.05,0.07,0.09,0.07,0.07,0.07,0.07,0.07
2023-10-09,opolskie,Prudnicki,1610,0.00,0.08,27.29,2023-09-30,5.48,0.08,0.15,0.21,0.23,0.26,0.28,0.28,0.28,0.23,0.15,0.15,0.13,0.08,0.08,0.08
2023-10-09,opolskie,Strzelecki,1611,0.00,0.15,31.85,2023-09-30,7.39,0.02,0.02,0.02,0.00,0.00,0.00,0.00,0.00,0.02,0.04,0.04,0.09,0.15,0.15,0.15
2023-10-09,opolskie,Opole,1661,0.00,0.06,57.72,2023-09-30,12.78,0.09,0.10,0.10,0.09,0.10,0.13,0.13,0.13,0.12,0.11,0.10,0.08,0.06,0.06,0.06
2023-10-09,podkarpackie,Bieszczadzki,1801,0.00,0.00,20.31,2023-09-30,2.15,0.00,0.00,0.00,0.00,0.00,0.00,0.00,0.00,0.00,0.00,0.00,0.00,0.00,0.00,0.00
2023-10-09,podkarpackie,Brzozowski,1802,0.00,0.00,17.31,2023-09-30,6.54,0.02,0.02,0.02,0.00,0.00,0.00,0.00,0.00,0.00,0.00,0.00,0.00,0.00,0.00,0.00
2023-10-09,podkarpackie,Dębicki,1803,0.00,0.02,14.70,2023-09-30,13.50,0.01,0.04,0.06,0.07,0.08,0.07,0.07,0.07,0.04,0.02,0.02,0.02,0.02,0.02,0.02
2023-10-09,podkarpackie,Jarosławski,1804,0.00,0.00,20.74,2023-09-30,11.97,0.00,0.00,0.00,0.00,0.00,0.00,0.00,0.00,0.00,0.00,0.00,0.00,0.00,0.00,0.00
2023-10-09,podkarpackie,Jasielski,1805,0.00,0.05,21.49,2023-09-30,11.29,0.04,0.01,0.04,0.05,0.09,0.09,0.09,0.09,0.11,0.09,0.08,0.05,0.05,0.05,0.05
2023-10-09,podkarpackie,Kolbuszowski,1806,0.00,0.00,9.34,2023-09-30,6.20,0.05,0.05,0.05,0.02,0.00,0.00,0.00,0.00,0.00,0.00,0.00,0.00,0.00,0.00,0.00
2023-10-09,podkarpackie,Krośnieński,1807,0.00,0.06,14.67,2023-09-30,11.19,0.05,0.04,0.01,0.03,0.03,0.03,0.03,0.03,0.01,0.04,0.04,0.06,0.06,0.06,0.06
2023-10-09,podkarpackie,Leżajski,1808,0.00,0.00,19.76,2023-09-30,6.90,0.04,0.06,0.06,0.06,0.06,0.04,0.04,0.04,0.02,0.02,0.02,0.02,0.00,0.00,0.00
2023-10-09,podkarpackie,Lubaczowski,1809,0.00,0.00,23.30,2023-09-30,5.47,0.00,0.00,0.00,0.00,0.00,0.00,0.00,0.00,0.00,0.00,0.00,0.00,0.00,0.00,0.00
2023-10-09,podkarpackie,Łańcucki,1810,0.00,0.00,19.33,2023-09-30,8.12,0.00,0.00,0.00,0.00,0.00,0.00,0.00,0.00,0.00,0.00,0.00,0.00,0.00,0.00,0.00
2023-10-09,podkarpackie,Mielecki,1811,0.00,0.00,18.11,2023-09-30,13.64,0.00,0.00,0.01,0.01,0.01,0.01,0.01,0.01,0.01,0.00,0.00,0.00,0.00,0.00,0.00
2023-10-09,podkarpackie,Niżański,1812,0.00,0.06,15.30,2023-09-30,6.62,0.15,0.13,0.06,0.02,0.02,0.02,0.02,0.02,0.02,0.02,0.04,0.06,0.06,0.06,0.06
2023-10-09,podkarpackie,Przemyski,1813,0.00,0.00,9.01,2023-09-30,7.39,0.00,0.00,0.00,0.00,0.00,0.00,0.00,0.00,0.00,0.00,0.00,0.00,0.00,0.00,0.00
2023-10-09,podkarpackie,Przeworski,1814,0.00,0.04,14.70,2023-09-30,7.80,0.00,0.07,0.07,0.13,0.16,0.16,0.16,0.16,0.09,0.09,0.06,0.02,0.04,0.04,0.04
2023-10-09,podkarpackie,Ropczycko-Sędziszowski,1815,0.00,0.10,15.11,2023-09-30,7.46,0.09,0.08,0.06,0.04,0.02,0.02,0.02,0.02,0.04,0.11,0.10,0.10,0.10,0.10,0.10
2023-10-09,podkarpackie,Rzeszowski,1816,0.00,0.03,10.57,2023-09-30,17.06,0.02,0.03,0.02,0.03,0.02,0.03,0.03,0.03,0.03,0.04,0.03,0.04,0.03,0.03,0.03
2023-10-09,podkarpackie,Sanocki,1817,0.00,0.05,19.45,2023-09-30,9.38,0.05,0.08,0.08,0.06,0.06,0.06,0.06,0.06,0.06,0.05,0.05,0.05,0.05,0.05,0.05
2023-10-09,podkarpackie,Stalowowolski,1818,0.00,0.04,22.91,2023-09-30,10.54,0.03,0.03,0.03,0.03,0.03,0.04,0.04,0.04,0.04,0.04,0.07,0.07,0.04,0.04,0.04
2023-10-09,podkarpackie,Strzyżowski,1819,0.00,0.00,16.37,2023-09-30,6.12,0.00,0.00,0.00,0.00,0.00,0.00,0.00,0.00,0.00,0.00,0.00,0.00,0.00,0.00,0.00
2023-10-09,podkarpackie,Tarnobrzeski,1820,0.00,0.03,13.84,2023-09-30,5.27,0.05,0.05,0.05,0.05,0.05,0.00,0.00,0.00,0.00,0.03,0.03,0.03,0.03,0.03,0.03
2023-10-09,podkarpackie,Leski,1821,0.00,0.00,18.18,2023-09-30,2.64,0.11,0.11,0.11,0.11,0.00,0.00,0.00,0.00,0.00,0.00,0.00,0.00,0.00,0.00,0.00
2023-10-09,podkarpackie,Krosno,1861,0.00,0.03,42.11,2023-09-30,4.59,0.03,0.09,0.09,0.09,0.06,0.06,0.06,0.06,0.03,0.03,0.03,0.03,0.03,0.03,0.03
2023-10-09,podkarpackie,Przemyśl,1862,0.00,0.05,42.40,2023-09-30,5.98,0.00,0.00,0.02,0.02,0.07,0.07,0.07,0.07,0.07,0.09,0.09,0.05,0.05,0.05,0.05
2023-10-09,podkarpackie,Rzeszów,1863,0.00,0.04,64.29,2023-09-30,19.66,0.04,0.05,0.05,0.04,0.04,0.03,0.03,0.03,0.04,0.04,0.04,0.04,0.04,0.04,0.04
2023-10-09,podkarpackie,Tarnobrzeg,1864,0.00,0.03,45.19,2023-09-30,4.64,0.15,0.09,0.09,0.03,0.06,0.06,0.06,0.09,0.09,0.06,0.06,0.03,0.06,0.06,0.03
2023-10-09,podlaskie,Augustowski,2001,0.00,0.02,26.41,2023-09-30,5.77,0.07,0.07,0.05,0.05,0.05,0.07,0.07,0.07,0.07,0.05,0.05,0.05,0.02,0.02,0.02
2023-10-09,podlaskie,Białostocki,2002,0.00,0.10,19.75,2023-09-30,15.08,0.13,0.11,0.14,0.14,0.15,0.14,0.14,0.13,0.10,0.10,0.10,0.11,0.10,0.10,0.10
2023-10-09,podlaskie,Bielski,2003,0.00,0.31,26.33,2023-09-30,5.37,0.24,0.26,0.34,0.40,0.29,0.29,0.24,0.24,0.24,0.24,0.21,0.29,0.31,0.31,0.31
2023-10-09,podlaskie,Grajewski,2004,0.00,0.00,19.39,2023-09-30,4.68,0.00,0.03,0.09,0.09,0.09,0.09,0.09,0.09,0.06,0.00,0.00,0.00,0.00,0.00,0.00
2023-10-09,podlaskie,Hajnowski,2005,0.00,0.17,30.73,2023-09-30,4.20,0.24,0.17,0.14,0.10,0.10,0.07,0.07,0.07,0.10,0.10,0.10,0.14,0.17,0.17,0.17
2023-10-09,podlaskie,Kolneński,2006,0.00,0.07,15.50,2023-09-30,3.79,0.11,0.04,0.04,0.15,0.11,0.15,0.15,0.15,0.15,0.19,0.07,0.07,0.07,0.07,0.07
2023-10-09,podlaskie,Łomżyński,2007,0.00,0.06,7.60,2023-09-30,5.08,0.00,0.00,0.00,0.00,0.00,0.00,0.00,0.00,0.00,0.00,0.03,0.06,0.06,0.06,0.06
2023-10-09,podlaskie,Moniecki,2008,0.00,0.04,22.16,2023-09-30,4.01,0.04,0.14,0.14,0.14,0.14,0.14,0.14,0.18,0.07,0.07,0.07,0.07,0.07,0.07,0.04
2023-10-09,podlaskie,Sejneński,2009,0.00,0.21,22.54,2023-09-30,1.97,0.22,0.07,0.07,0.00,0.00,0.07,0.07,0.07,0.14,0.21,0.21,0.21,0.21,0.21,0.21
2023-10-09,podlaskie,Siemiatycki,2010,0.00,0.59,21.68,2023-09-30,4.36,0.07,0.16,0.23,0.26,0.36,0.39,0.39,0.39,0.42,0.46,0.55,0.52,0.59,0.59,0.59
2023-10-09,podlaskie,Sokólski,2011,0.00,0.09,25.89,2023-09-30,6.59,0.00,0.00,0.00,0.04,0.04,0.06,0.06,0.06,0.09,0.09,0.06,0.06,0.09,0.09,0.09
2023-10-09,podlaskie,Suwalski,2012,0.00,0.04,9.99,2023-09-30,3.56,0.08,0.08,0.08,0.08,0.16,0.08,0.08,0.08,0.08,0.12,0.12,0.04,0.04,0.04,0.04
2023-10-09,podlaskie,Wysokomazowiecki,2013,0.00,0.10,25.60,2023-09-30,5.64,0.10,0.13,0.10,0.15,0.18,0.15,0.15,0.15,0.18,0.15,0.13,0.08,0.10,0.10,0.10
2023-10-09,podlaskie,Zambrowski,2014,0.00,0.00,23.71,2023-09-30,4.32,0.03,0.03,0.03,0.00,0.00,0.00,0.00,0.00,0.00,0.00,0.00,0.00,0.00,0.00,0.00
2023-10-09,podlaskie,Białystok,2061,0.00,0.28,50.84,2023-09-30,29.70,0.23,0.25,0.20,0.21,0.20,0.18,0.18,0.18,0.21,0.23,0.23,0.26,0.28,0.28,0.28
2023-10-09,podlaskie,Łomża,2062,0.00,0.05,39.60,2023-09-30,6.26,0.05,0.05,0.05,0.00,0.02,0.05,0.05,0.05,0.05,0.05,0.07,0.05,0.05,0.05,0.05
2023-10-09,podlaskie,Suwałki,2063,0.00,0.04,39.30,2023-09-30,6.96,0.02,0.04,0.04,0.04,0.04,0.02,0.02,0.02,0.00,0.02,0.02,0.04,0.04,0.04,0.04
2023-10-09,pomorskie,Bytowski,2201,0.00,0.05,30.76,2023-09-30,7.91,0.04,0.02,0.02,0.02,0.02,0.00,0.00,0.00,0.02,0.02,0.02,0.02,0.05,0.05,0.05
2023-10-09,pomorskie,Chojnicki,2202,0.00,0.04,38.47,2023-09-30,9.77,0.01,0.01,0.01,0.01,0.03,0.03,0.03,0.03,0.04,0.04,0.04,0.04,0.04,0.04,0.04
2023-10-09,pomorskie,Człuchowski,2203,0.00,0.08,30.51,2023-09-30,5.58,0.00,0.00,0.00,0.03,0.08,0.08,0.08,0.08,0.08,0.08,0.05,0.03,0.08,0.08,0.08
2023-10-09,pomorskie,Gdański,2204,0.00,0.01,35.27,2023-09-30,12.03,0.02,0.03,0.03,0.03,0.02,0.02,0.02,0.02,0.01,0.01,0.01,0.01,0.01,0.01,0.01
2023-10-09,pomorskie,Kartuski,2205,0.00,0.02,26.04,2023-09-30,14.19,0.01,0.04,0.05,0.06,0.06,0.05,0.05,0.05,0.02,0.02,0.01,0.02,0.02,0.02,0.02
2023-10-09,pomorskie,Kościerski,2206,0.00,0.04,33.11,2023-09-30,7.29,0.04,0.04,0.06,0.02,0.04,0.04,0.08,0.08,0.10,0.08,0.08,0.06,0.08,0.04,0.04
2023-10-09,pomorskie,Kwidzyński,2207,0.00,0.03,33.84,2023-09-30,8.30,0.03,0.05,0.05,0.05,0.05,0.05,0.05,0.05,0.03,0.02,0.03,0.03,0.03,0.03,0.03
2023-10-09,pomorskie,Lęborski,2208,0.00,0.04,38.89,2023-09-30,6.61,0.04,0.04,0.06,0.09,0.09,0.06,0.06,0.06,0.04,0.02,0.00,0.04,0.04,0.04,0.04
2023-10-09,pomorskie,Malborski,2209,0.00,0.00,36.38,2023-09-30,6.32,0.09,0.07,0.02,0.02,0.00,0.02,0.02,0.02,0.02,0.02,0.02,0.02,0.00,0.00,0.00
2023-10-09,pomorskie,Nowodworski,2210,0.00,0.00,37.04,2023-09-30,3.54,0.08,0.08,0.04,0.12,0.12,0.12,0.12,0.12,0.12,0.12,0.00,0.00,0.00,0.00,0.00
2023-10-09,pomorskie,Pucki,2211,0.00,0.06,29.12,2023-09-30,8.76,0.05,0.02,0.05,0.03,0.05,0.05,0.05,0.05,0.06,0.05,0.06,0.05,0.06,0.06,0.06
2023-10-09,pomorskie,Słupski,2212,0.00,0.03,23.23,2023-09-30,9.88,0.00,0.00,0.00,0.00,0.00,0.00,0.00,0.00,0.00,0.00,0.03,0.03,0.03,0.03,0.03
2023-10-09,pomorskie,Starogardzki,2213,0.00,0.03,32.95,2023-09-30,12.82,0.03,0.03,0.03,0.03,0.03,0.03,0.03,0.03,0.05,0.03,0.03,0.03,0.03,0.03,0.03
2023-10-09,pomorskie,Tczewski,2214,0.00,0.03,39.42,2023-09-30,11.52,0.03,0.04,0.04,0.04,0.03,0.04,0.04,0.04,0.03,0.03,0.01,0.03,0.01,0.01,0.03
2023-10-09,pomorskie,Wejherowski,2215,0.00,0.02,34.49,2023-09-30,21.95,0.01,0.01,0.02,0.02,0.03,0.03,0.03,0.03,0.03,0.02,0.02,0.01,0.01,0.01,0.02
2023-10-09,pomorskie,Sztumski,2216,0.00,0.07,37.45,2023-09-30,4.11,0.00,0.03,0.03,0.03,0.03,0.03,0.03,0.03,0.00,0.07,0.07,0.07,0.07,0.07,0.07
2023-10-09,pomorskie,Gdańsk,2261,0.00,0.07,66.39,2023-09-30,47.08,0.05,0.05,0.06,0.06,0.07,0.08,0.08,0.08,0.09,0.07,0.07,0.06,0.06,0.06,0.07
2023-10-09,pomorskie,Gdynia,2262,0.00,0.05,61.76,2023-09-30,24.50,0.06,0.05,0.06,0.05,0.05,0.05,0.05,0.05,0.02,0.03,0.05,0.05,0.05,0.05,0.05
2023-10-09,pomorskie,Słupsk,2263,0.00,0.00,60.12,2023-09-30,8.98,0.00,0.00,0.00,0.00,0.00,0.00,0.00,0.00,0.00,0.00,0.00,0.00,0.00,0.00,0.00
2023-10-09,pomorskie,Sopot,2264,0.00,0.08,84.42,2023-09-30,3.53,0.04,0.04,0.04,0.04,0.04,0.00,0.00,0.00,0.00,0.04,0.04,0.04,0.04,0.08,0.08
2023-10-09,śląskie,Będziński,2401,0.00,0.01,38.76,2023-09-30,14.73,0.01,0.01,0.01,0.00,0.00,0.00,0.00,0.00,0.00,0.00,0.01,0.01,0.01,0.01,0.01
2023-10-09,śląskie,Bielski,2402,0.00,0.07,30.25,2023-09-30,16.63,0.03,0.03,0.04,0.04,0.07,0.07,0.09,0.09,0.09,0.09,0.09,0.09,0.09,0.07,0.07
2023-10-09,śląskie,Cieszyński,2403,0.00,0.01,34.60,2023-09-30,17.75,0.02,0.03,0.03,0.02,0.02,0.02,0.02,0.02,0.01,0.02,0.02,0.01,0.01,0.01,0.01
2023-10-09,śląskie,Częstochowski,2404,0.00,0.03,26.73,2023-09-30,13.41,0.00,0.00,0.00,0.00,0.00,0.02,0.02,0.02,0.02,0.05,0.05,0.05,0.03,0.03,0.03
2023-10-09,śląskie,Gliwicki,2405,0.00,0.04,51.81,2023-09-30,11.54,0.01,0.01,0.03,0.05,0.05,0.06,0.05,0.05,0.05,0.04,0.01,0.04,0.04,0.04,0.04
2023-10-09,śląskie,Kłobucki,2406,0.00,0.05,24.61,2023-09-30,8.43,0.07,0.09,0.09,0.09,0.07,0.07,0.07,0.07,0.05,0.03,0.03,0.05,0.05,0.05,0.05
2023-10-09,śląskie,Lubliniecki,2407,0.00,0.02,29.57,2023-09-30,7.61,0.02,0.02,0.04,0.06,0.06,0.06,0.06,0.06,0.06,0.04,0.00,0.00,0.02,0.02,0.02
2023-10-09,śląskie,Mikołowski,2408,0.00,0.00,24.39,2023-09-30,9.92,0.00,0.00,0.00,0.00,0.00,0.01,0.01,0.01,0.01,0.01,0.01,0.01,0.00,0.00,0.00
2023-10-09,śląskie,Myszkowski,2409,0.00,0.00,31.80,2023-09-30,7.05,0.02,0.00,0.00,0.00,0.00,0.00,0.00,0.00,0.00,0.00,0.00,0.00,0.00,0.00,0.00
2023-10-09,śląskie,Pszczyński,2410,0.00,0.00,30.75,2023-09-30,11.18,0.00,0.00,0.00,0.00,0.00,0.00,0.00,0.00,0.00,0.00,0.00,0.00,0.00,0.00,0.00
2023-10-09,śląskie,Raciborski,2411,0.00,0.12,30.54,2023-09-30,10.74,0.07,0.05,0.05,0.05,0.04,0.03,0.03,0.03,0.04,0.09,0.10,0.10,0.12,0.12,0.12
2023-10-09,śląskie,Rybnicki,2412,0.00,0.02,15.20,2023-09-30,7.82,0.00,0.00,0.00,0.00,0.00,0.00,0.00,0.00,0.00,0.00,0.02,0.02,0.02,0.02,0.02
2023-10-09,śląskie,Tarnogórski,2413,0.00,0.05,41.55,2023-09-30,14.08,0.02,0.01,0.01,0.01,0.02,0.01,0.01,0.01,0.04,0.06,0.06,0.05,0.05,0.05,0.05
2023-10-09,śląskie,Bieruńsko-Lędziński,2414,0.00,0.02,28.34,2023-09-30,5.98,0.00,0.00,0.00,0.00,0.00,0.00,0.00,0.00,0.00,0.00,0.00,0.00,0.02,0.02,0.02
2023-10-09,śląskie,Wodzisławski,2415,0.00,0.03,33.34,2023-09-30,15.66,0.04,0.04,0.06,0.07,0.07,0.09,0.09,0.09,0.09,0.06,0.04,0.05,0.03,0.03,0.03
2023-10-09,śląskie,Zawierciański,2416,0.00,0.07,38.65,2023-09-30,11.67,0.02,0.00,0.00,0.00,0.02,0.04,0.04,0.04,0.04,0.06,0.09,0.06,0.07,0.07,0.07
2023-10-09,śląskie,Żywiecki,2417,0.00,0.01,27.36,2023-09-30,15.22,0.02,0.03,0.04,0.04,0.02,0.02,0.02,0.02,0.01,0.00,0.01,0.01,0.01,0.01,0.01
2023-10-09,śląskie,Bielsko-Biała,2461,0.00,0.06,54.59,2023-09-30,16.98,0.04,0.05,0.05,0.04,0.05,0.06,0.07,0.07,0.08,0.08,0.08,0.08,0.07,0.06,0.06
2023-10-09,śląskie,Bytom,2462,0.00,0.04,35.88,2023-09-30,16.33,0.02,0.03,0.03,0.03,0.04,0.04,0.04,0.04,0.03,0.05,0.06,0.05,0.04,0.04,0.04
2023-10-09,śląskie,Chorzów,2463,0.00,0.03,47.01,2023-09-30,10.68,0.01,0.00,0.01,0.01,0.01,0.01,0.01,0.01,0.01,0.01,0.01,0.03,0.03,0.03,0.03
2023-10-09,śląskie,Częstochowa,2464,0.00,0.03,60.71,2023-09-30,21.75,0.04,0.03,0.03,0.02,0.02,0.03,0.02,0.02,0.02,0.03,0.05,0.03,0.03,0.03,0.03
2023-10-09,śląskie,Dąbrowa Górnicza,2465,0.00,0.05,44.93,2023-09-30,11.83,0.01,0.04,0.05,0.04,0.04,0.05,0.05,0.05,0.05,0.05,0.05,0.06,0.05,0.05,0.05
2023-10-09,śląskie,Gliwice,2466,0.00,0.03,49.34,2023-09-30,17.70,0.02,0.04,0.04,0.03,0.03,0.03,0.03,0.03,0.03,0.03,0.03,0.02,0.03,0.03,0.03
2023-10-09,śląskie,Jastrzębie-Zdrój,2467,0.00,0.13,41.58,2023-09-30,8.80,0.02,0.02,0.03,0.03,0.03,0.02,0.02,0.02,0.08,0.06,0.10,0.11,0.13,0.13,0.13
2023-10-09,śląskie,Jaworzno,2468,0.00,0.05,40.34,2023-09-30,9.04,0.13,0.14,0.08,0.08,0.05,0.05,0.05,0.05,0.05,0.05,0.03,0.03,0.05,0.05,0.05
2023-10-09,śląskie,Katowice,2469,0.00,0.07,63.03,2023-09-30,29.06,0.02,0.03,0.03,0.03,0.03,0.04,0.04,0.05,0.04,0.05,0.06,0.08,0.07,0.07,0.07
2023-10-09,śląskie,Mysłowice,2470,0.00,0.02,35.17,2023-09-30,7.46,0.02,0.02,0.00,0.00,0.02,0.02,0.02,0.02,0.02,0.04,0.04,0.02,0.02,0.02,0.02
2023-10-09,śląskie,Piekary Śląskie,2471,0.00,0.00,48.37,2023-09-30,5.47,0.00,0.00,0.00,0.00,0.00,0.03,0.03,0.05,0.05,0.05,0.05,0.05,0.03,0.03,0.00
2023-10-09,śląskie,Ruda Śląska,2472,0.00,0.03,46.40,2023-09-30,13.64,0.02,0.02,0.01,0.00,0.00,0.00,0.00,0.00,0.02,0.02,0.02,0.03,0.03,0.03,0.03
2023-10-09,śląskie,Rybnik,2473,0.00,0.01,35.22,2023-09-30,13.71,0.01,0.02,0.02,0.02,0.02,0.01,0.01,0.01,0.00,0.00,0.00,0.00,0.00,0.00,0.01
2023-10-09,śląskie,Siemianowice Śląskie,2474,0.00,0.00,52.53,2023-09-30,6.63,0.00,0.00,0.00,0.00,0.00,0.00,0.00,0.00,0.00,0.00,0.00,0.00,0.00,0.00,0.00
2023-10-09,śląskie,Sosnowiec,2475,0.00,0.06,53.19,2023-09-30,19.76,0.06,0.04,0.04,0.04,0.03,0.01,0.01,0.01,0.03,0.04,0.04,0.04,0.06,0.06,0.06
2023-10-09,śląskie,Świętochłowice,2476,0.00,0.00,31.53,2023-09-30,4.91,0.06,0.09,0.06,0.03,0.06,0.06,0.06,0.06,0.03,0.03,0.03,0.00,0.00,0.00,0.00
2023-10-09,śląskie,Tychy,2477,0.00,0.01,44.96,2023-09-30,12.69,0.00,0.00,0.01,0.01,0.01,0.01,0.01,0.01,0.01,0.00,0.00,0.01,0.01,0.01,0.01
2023-10-09,śląskie,Zabrze,2478,0.00,0.03,34.31,2023-09-30,17.09,0.00,0.00,0.01,0.02,0.02,0.02,0.02,0.02,0.02,0.02,0.03,0.03,0.03,0.03,0.03
2023-10-09,śląskie,Żory,2479,0.00,0.14,36.07,2023-09-30,6.28,0.02,0.02,0.05,0.05,0.07,0.07,0.07,0.07,0.11,0.07,0.09,0.11,0.14,0.14,0.14
2023-10-09,świętokrzyskie,Buski,2601,0.00,0.00,28.86,2023-09-30,7.11,0.00,0.00,0.00,0.00,0.00,0.00,0.00,0.00,0.00,0.00,0.00,0.00,0.00,0.00,0.00
2023-10-09,świętokrzyskie,Jędrzejowski,2602,0.00,0.02,33.35,2023-09-30,8.49,0.02,0.02,0.02,0.02,0.00,0.00,0.00,0.00,0.00,0.00,0.02,0.02,0.02,0.02,0.02
2023-10-09,świętokrzyskie,Kazimierski,2603,0.00,0.00,27.66,2023-09-30,3.33,0.04,0.04,0.04,0.04,0.00,0.00,0.00,0.00,0.00,0.00,0.00,0.00,0.00,0.00,0.00
2023-10-09,świętokrzyskie,Kielecki,2604,0.00,0.04,20.55,2023-09-30,21.10,0.03,0.03,0.03,0.02,0.01,0.01,0.01,0.01,0.01,0.01,0.01,0.03,0.04,0.04,0.04
2023-10-09,świętokrzyskie,Konecki,2605,0.00,0.13,30.70,2023-09-30,7.91,0.13,0.16,0.15,0.18,0.18,0.16,0.18,0.18,0.16,0.16,0.11,0.13,0.15,0.13,0.13
2023-10-09,świętokrzyskie,Opatowski,2606,0.00,0.00,23.18,2023-09-30,5.15,0.03,0.00,0.00,0.00,0.00,0.00,0.00,0.00,0.00,0.00,0.00,0.00,0.00,0.00,0.00
2023-10-09,świętokrzyskie,Ostrowiecki,2607,0.00,0.01,36.33,2023-09-30,10.77,0.03,0.03,0.03,0.01,0.01,0.00,0.00,0.00,0.00,0.00,0.00,0.01,0.01,0.01,0.01
2023-10-09,świętokrzyskie,Pińczowski,2608,0.00,0.04,28.86,2023-09-30,3.85,0.00,0.00,0.00,0.00,0.00,0.00,0.00,0.00,0.00,0.04,0.04,0.04,0.04,0.04,0.04
2023-10-09,świętokrzyskie,Sandomierski,2609,0.00,0.00,29.55,2023-09-30,7.63,0.04,0.06,0.07,0.07,0.07,0.07,0.07,0.07,0.06,0.04,0.02,0.00,0.00,0.00,0.00
2023-10-09,świętokrzyskie,Skarżyski,2610,0.00,0.16,36.45,2023-09-30,7.32,0.04,0.04,0.12,0.16,0.21,0.23,0.23,0.23,0.29,0.23,0.20,0.14,0.16,0.16,0.16
2023-10-09,świętokrzyskie,Starachowicki,2611,0.00,0.17,30.87,2023-09-30,8.85,0.02,0.02,0.02,0.02,0.06,0.06,0.06,0.06,0.10,0.13,0.16,0.16,0.17,0.17,0.17
2023-10-09,świętokrzyskie,Staszowski,2612,0.00,0.12,21.76,2023-09-30,7.13,0.04,0.08,0.08,0.06,0.06,0.06,0.06,0.06,0.02,0.00,0.06,0.12,0.12,0.12,0.12
2023-10-09,świętokrzyskie,Włoszczowski,2613,0.00,0.00,30.57,2023-09-30,4.47,0.00,0.00,0.00,0.00,0.00,0.00,0.00,0.00,0.00,0.00,0.00,0.00,0.00,0.00,0.00
2023-10-09,świętokrzyskie,Kielce,2661,0.00,0.01,51.51,2023-09-30,19.34,0.04,0.02,0.02,0.02,0.03,0.02,0.03,0.03,0.03,0.02,0.02,0.02,0.02,0.01,0.01
2023-10-09,warmińsko-mazurskie,Bartoszycki,2801,0.00,0.03,36.52,2023-09-30,5.66,0.00,0.00,0.00,0.00,0.00,0.00,0.00,0.00,0.03,0.03,0.03,0.03,0.03,0.03,0.03
2023-10-09,warmińsko-mazurskie,Braniewski,2802,0.00,0.00,31.61,2023-09-30,4.08,0.00,0.00,0.00,0.00,0.00,0.00,0.00,0.00,0.00,0.00,0.00,0.00,0.00,0.00,0.00
2023-10-09,warmińsko-mazurskie,Działdowski,2803,0.00,0.09,34.98,2023-09-30,6.48,0.09,0.11,0.09,0.09,0.09,0.11,0.11,0.11,0.04,0.06,0.06,0.06,0.09,0.09,0.09
2023-10-09,warmińsko-mazurskie,Elbląski,2804,0.00,0.05,26.33,2023-09-30,5.70,0.10,0.08,0.08,0.08,0.05,0.03,0.03,0.00,0.00,0.00,0.05,0.05,0.05,0.05,0.05
2023-10-09,warmińsko-mazurskie,Ełcki,2805,0.00,0.06,33.78,2023-09-30,9.14,0.00,0.02,0.02,0.02,0.05,0.08,0.08,0.08,0.09,0.09,0.11,0.09,0.06,0.06,0.06
2023-10-09,warmińsko-mazurskie,Giżycki,2806,0.00,0.08,38.92,2023-09-30,5.62,0.00,0.10,0.10,0.23,0.23,0.23,0.23,0.23,0.15,0.15,0.03,0.08,0.08,0.08,0.08
2023-10-09,warmińsko-mazurskie,Iławski,2807,0.00,0.02,34.92,2023-09-30,9.26,0.00,0.00,0.00,0.00,0.00,0.02,0.02,0.02,0.02,0.02,0.02,0.03,0.02,0.02,0.02
2023-10-09,warmińsko-mazurskie,Kętrzyński,2808,0.00,0.00,36.51,2023-09-30,6.18,0.02,0.02,0.00,0.02,0.02,0.02,0.02,0.02,0.02,0.02,0.00,0.00,0.00,0.00,0.00
2023-10-09,warmińsko-mazurskie,Lidzbarski,2809,0.00,0.03,29.67,2023-09-30,4.09,0.00,0.03,0.03,0.03,0.03,0.03,0.03,0.03,0.00,0.00,0.03,0.03,0.03,0.03,0.03
2023-10-09,warmińsko-mazurskie,Mrągowski,2810,0.00,0.00,31.04,2023-09-30,4.94,0.03,0.00,0.00,0.00,0.00,0.03,0.03,0.03,0.03,0.03,0.03,0.03,0.00,0.00,0.00
2023-10-09,warmińsko-mazurskie,Nidzicki,2811,0.00,0.26,39.86,2023-09-30,3.26,0.09,0.09,0.04,0.00,0.00,0.00,0.00,0.00,0.04,0.13,0.13,0.26,0.26,0.26,0.26
2023-10-09,warmińsko-mazurskie,Nowomiejski,2812,0.00,0.16,32.60,2023-09-30,4.37,0.00,0.00,0.00,0.07,0.07,0.07,0.07,0.07,0.10,0.10,0.13,0.13,0.16,0.16,0.16
2023-10-09,warmińsko-mazurskie,Olecki,2813,0.00,0.00,28.74,2023-09-30,3.40,0.00,0.00,0.00,0.00,0.00,0.00,0.00,0.00,0.00,0.00,0.00,0.00,0.00,0.00,0.00
2023-10-09,warmińsko-mazurskie,Olsztyński,2814,0.00,0.05,26.83,2023-09-30,12.75,0.01,0.01,0.01,0.01,0.00,0.00,0.00,0.00,0.02,0.02,0.03,0.05,0.05,0.05,0.05
2023-10-09,warmińsko-mazurskie,Ostródzki,2815,0.00,0.00,27.58,2023-09-30,10.35,0.00,0.00,0.00,0.00,0.00,0.03,0.03,0.03,0.03,0.03,0.03,0.03,0.00,0.00,0.00
2023-10-09,warmińsko-mazurskie,Piski,2816,0.00,0.00,28.37,2023-09-30,5.58,0.00,0.00,0.00,0.00,0.00,0.00,0.00,0.00,0.00,0.00,0.00,0.00,0.00,0.00,0.00
2023-10-09,warmińsko-mazurskie,Szczycieński,2817,0.00,0.02,32.90,2023-09-30,6.91,0.04,0.02,0.04,0.02,0.02,0.02,0.02,0.02,0.04,0.02,0.02,0.02,0.02,0.02,0.02
2023-10-09,warmińsko-mazurskie,Gołdapski,2818,0.00,0.05,29.35,2023-09-30,2.65,0.00,0.00,0.00,0.00,0.00,0.00,0.00,0.00,0.00,0.00,0.05,0.05,0.05,0.05,0.05
2023-10-09,warmińsko-mazurskie,Węgorzewski,2819,0.00,0.00,39.16,2023-09-30,2.24,0.00,0.00,0.00,0.00,0.00,0.00,0.00,0.00,0.00,0.00,0.00,0.00,0.00,0.00,0.00
2023-10-09,warmińsko-mazurskie,Elbląg,2861,0.00,0.14,50.21,2023-09-30,11.86,0.06,0.11,0.11,0.11,0.06,0.05,0.05,0.05,0.02,0.04,0.10,0.12,0.13,0.13,0.14
2023-10-09,warmińsko-mazurskie,Olsztyn,2862,0.00,0.05,60.79,2023-09-30,17.12,0.05,0.07,0.06,0.08,0.11,0.09,0.09,0.09,0.08,0.07,0.06,0.04,0.05,0.05,0.05
2023-10-09,wielkopolskie,Chodzieski,3001,0.00,0.06,35.12,2023-09-30,4.68,0.00,0.00,0.00,0.00,0.00,0.00,0.00,0.00,0.03,0.06,0.06,0.06,0.06,0.06,0.06
2023-10-09,wielkopolskie,Czarnkowsko-Trzcianecki,3002,0.00,0.00,38.12,2023-09-30,8.66,0.02,0.02,0.02,0.00,0.00,0.00,0.00,0.00,0.00,0.00,0.00,0.00,0.00,0.00,0.00
2023-10-09,wielkopolskie,Gnieźnieński,3003,0.00,0.05,39.22,2023-09-30,14.51,0.01,0.01,0.00,0.00,0.00,0.01,0.01,0.01,0.01,0.02,0.03,0.03,0.05,0.05,0.05
2023-10-09,wielkopolskie,Gostyński,3004,0.00,0.04,32.95,2023-09-30,7.57,0.02,0.04,0.02,0.02,0.02,0.06,0.06,0.06,0.04,0.04,0.04,0.04,0.04,0.04,0.04
2023-10-09,wielkopolskie,Grodziski,3005,0.00,0.06,25.18,2023-09-30,5.19,0.00,0.00,0.00,0.06,0.06,0.06,0.06,0.06,0.06,0.11,0.06,0.06,0.06,0.06,0.06
2023-10-09,wielkopolskie,Jarociński,3006,0.00,0.02,33.77,2023-09-30,7.14,0.00,0.00,0.00,0.00,0.00,0.00,0.00,0.00,0.02,0.02,0.02,0.02,0.02,0.02,0.02
2023-10-09,wielkopolskie,Kaliski,3007,0.00,0.00,20.92,2023-09-30,8.29,0.05,0.05,0.02,0.02,0.02,0.00,0.00,0.00,0.00,0.00,0.00,0.00,0.00,0.00,0.00
2023-10-09,wielkopolskie,Kępiński,3008,0.00,0.00,25.56,2023-09-30,5.63,0.00,0.00,0.00,0.00,0.00,0.00,0.00,0.00,0.00,0.00,0.00,0.00,0.00,0.00,0.00
2023-10-09,wielkopolskie,Kolski,3009,0.00,0.02,27.80,2023-09-30,8.61,0.00,0.00,0.00,0.00,0.00,0.00,0.00,0.00,0.00,0.00,0.00,0.00,0.02,0.02,0.02
2023-10-09,wielkopolskie,Koniński,3010,0.00,0.01,22.37,2023-09-30,12.99,0.03,0.02,0.02,0.02,0.02,0.03,0.03,0.03,0.03,0.03,0.03,0.03,0.01,0.01,0.01
2023-10-09,wielkopolskie,Kościański,3011,0.00,0.02,37.52,2023-09-30,7.89,0.00,0.00,0.00,0.00,0.00,0.00,0.00,0.00,0.02,0.02,0.02,0.02,0.02,0.02,0.02
2023-10-09,wielkopolskie,Krotoszyński,3012,0.00,0.04,32.40,2023-09-30,7.70,0.02,0.02,0.02,0.02,0.02,0.02,0.02,0.02,0.04,0.04,0.06,0.06,0.04,0.04,0.04
2023-10-09,wielkopolskie,Leszczyński,3013,0.00,0.00,15.79,2023-09-30,5.79,0.00,0.00,0.00,0.00,0.00,0.00,0.00,0.00,0.00,0.00,0.00,0.00,0.00,0.00,0.00
2023-10-09,wielkopolskie,Międzychodzki,3014,0.00,0.00,34.81,2023-09-30,3.66,0.00,0.00,0.00,0.00,0.00,0.00,0.00,0.00,0.00,0.00,0.00,0.00,0.00,0.00,0.00
2023-10-09,wielkopolskie,Nowotomyski,3015,0.00,0.06,34.26,2023-09-30,7.56,0.06,0.07,0.09,0.07,0.07,0.07,0.07,0.07,0.04,0.02,0.02,0.02,0.06,0.06,0.06
2023-10-09,wielkopolskie,Obornicki,3016,0.00,0.00,49.93,2023-09-30,5.98,0.00,0.00,0.00,0.00,0.00,0.00,0.00,0.00,0.00,0.00,0.00,0.00,0.00,0.00,0.00
2023-10-09,wielkopolskie,Ostrowski,3017,0.00,0.00,32.14,2023-09-30,16.14,0.03,0.02,0.01,0.00,0.00,0.00,0.00,0.00,0.00,0.00,0.00,0.00,0.00,0.00,0.00
2023-10-09,wielkopolskie,Ostrzeszowski,3018,0.00,0.03,27.86,2023-09-30,5.53,0.03,0.03,0.00,0.00,0.03,0.05,0.08,0.08,0.08,0.08,0.10,0.08,0.05,0.03,0.03
2023-10-09,wielkopolskie,Pilski,3019,0.00,0.08,37.61,2023-09-30,13.55,0.02,0.02,0.02,0.02,0.03,0.03,0.03,0.03,0.07,0.08,0.09,0.08,0.08,0.08,0.08
2023-10-09,wielkopolskie,Pleszewski,3020,0.00,0.00,36.66,2023-09-30,6.28,0.00,0.00,0.00,0.00,0.00,0.00,0.00,0.00,0.00,0.00,0.00,0.00,0.00,0.00,0.00
2023-10-09,wielkopolskie,Poznański,3021,0.02,0.07,36.17,2023-09-30,40.66,0.11,0.10,0.09,0.09,0.07,0.06,0.06,0.06,0.05,0.05,0.06,0.07,0.08,0.07,0.07
2023-10-09,wielkopolskie,Rawicki,3022,0.00,0.02,40.37,2023-09-30,6.02,0.00,0.02,0.02,0.02,0.02,0.05,0.05,0.05,0.02,0.05,0.05,0.05,0.02,0.02,0.02
2023-10-09,wielkopolskie,Słupecki,3023,0.00,0.12,28.29,2023-09-30,5.90,0.00,0.00,0.00,0.00,0.00,0.00,0.00,0.00,0.05,0.05,0.07,0.12,0.12,0.12,0.12
2023-10-09,wielkopolskie,Szamotulski,3024,0.00,0.03,40.60,2023-09-30,9.17,0.02,0.03,0.06,0.08,0.09,0.09,0.09,0.09,0.08,0.05,0.03,0.02,0.03,0.03,0.03
2023-10-09,wielkopolskie,Średzki,3025,0.00,0.00,38.71,2023-09-30,5.91,0.00,0.00,0.00,0.00,0.00,0.00,0.00,0.00,0.00,0.00,0.00,0.00,0.00,0.00,0.00
2023-10-09,wielkopolskie,Śremski,3026,0.00,0.00,30.35,2023-09-30,6.15,0.09,0.12,0.14,0.12,0.05,0.05,0.05,0.05,0.02,0.00,0.00,0.00,0.00,0.00,0.00
2023-10-09,wielkopolskie,Turecki,3027,0.00,0.00,29.25,2023-09-30,8.36,0.00,0.00,0.00,0.00,0.07,0.12,0.12,0.12,0.12,0.12,0.12,0.05,0.00,0.00,0.00
2023-10-09,wielkopolskie,Wągrowiecki,3028,0.00,0.02,19.34,2023-09-30,7.01,0.00,0.00,0.00,0.00,0.00,0.00,0.00,0.00,0.00,0.00,0.00,0.02,0.02,0.02,0.02
2023-10-09,wielkopolskie,Wolsztyński,3029,0.00,0.07,38.98,2023-09-30,5.74,0.20,0.22,0.22,0.17,0.15,0.10,0.10,0.10,0.07,0.05,0.07,0.05,0.05,0.05,0.07
2023-10-09,wielkopolskie,Wrzesiński,3030,0.00,0.00,37.36,2023-09-30,7.80,0.00,0.00,0.00,0.00,0.00,0.00,0.00,0.00,0.00,0.00,0.00,0.00,0.00,0.00,0.00
2023-10-09,wielkopolskie,Złotowski,3031,0.00,0.00,29.17,2023-09-30,6.92,0.00,0.00,0.00,0.00,0.00,0.00,0.00,0.00,0.00,0.00,0.00,0.00,0.00,0.00,0.00
2023-10-09,wielkopolskie,Kalisz,3061,0.00,0.00,45.07,2023-09-30,9.91,0.00,0.01,0.01,0.01,0.01,0.01,0.01,0.01,0.00,0.00,0.00,0.00,0.00,0.00,0.00
2023-10-09,wielkopolskie,Konin,3062,0.00,0.02,62.65,2023-09-30,7.25,0.02,0.04,0.02,0.02,0.02,0.02,0.02,0.02,0.00,0.00,0.02,0.02,0.02,0.02,0.02
2023-10-09,wielkopolskie,Leszno,3063,0.00,0.05,55.91,2023-09-30,6.29,0.00,0.02,0.02,0.02,0.02,0.02,0.02,0.02,0.02,0.05,0.05,0.05,0.05,0.05,0.05
2023-10-09,wielkopolskie,Poznań,3064,0.00,0.06,101.99,2023-09-30,53.20,0.03,0.03,0.04,0.05,0.05,0.05,0.05,0.05,0.05,0.05,0.06,0.05,0.06,0.06,0.06
2023-10-09,zachodniopomorskie,Białogardzki,3201,0.00,0.09,30.50,2023-09-30,4.73,0.00,0.00,0.00,0.00,0.00,0.00,0.00,0.00,0.03,0.03,0.03,0.03,0.09,0.09,0.09
2023-10-09,zachodniopomorskie,Choszczeński,3202,0.00,0.03,37.89,2023-09-30,4.80,0.03,0.03,0.00,0.00,0.00,0.00,0.00,0.00,0.03,0.03,0.03,0.03,0.03,0.03,0.03
2023-10-09,zachodniopomorskie,Drawski,3203,0.00,0.00,39.25,2023-09-30,5.65,0.00,0.00,0.00,0.00,0.00,0.00,0.00,0.00,0.00,0.00,0.00,0.00,0.00,0.00,0.00
2023-10-09,zachodniopomorskie,Goleniowski,3204,0.00,0.02,35.82,2023-09-30,8.23,0.03,0.00,0.00,0.00,0.00,0.03,0.03,0.03,0.03,0.05,0.05,0.05,0.02,0.02,0.02
2023-10-09,zachodniopomorskie,Gryficki,3205,0.00,0.02,25.18,2023-09-30,5.98,0.02,0.02,0.02,0.00,0.02,0.05,0.05,0.05,0.05,0.05,0.05,0.02,0.00,0.02,0.02
2023-10-09,zachodniopomorskie,Gryfiński,3206,0.00,0.00,31.84,2023-09-30,8.13,0.00,0.04,0.04,0.04,0.04,0.07,0.07,0.07,0.04,0.04,0.04,0.04,0.00,0.00,0.00
2023-10-09,zachodniopomorskie,Kamieński,3207,0.00,0.09,46.89,2023-09-30,4.67,0.03,0.06,0.06,0.03,0.03,0.03,0.03,0.03,0.03,0.03,0.03,0.09,0.09,0.09,0.09
2023-10-09,zachodniopomorskie,Kołobrzeski,3208,0.13,0.15,45.49,2023-09-30,7.93,0.14,0.13,0.11,0.11,0.14,0.18,0.18,0.18,0.18,0.20,0.20,0.16,0.15,0.15,0.15
2023-10-09,zachodniopomorskie,Koszaliński,3209,0.00,0.02,20.32,2023-09-30,6.65,0.04,0.04,0.02,0.04,0.04,0.04,0.04,0.04,0.02,0.02,0.00,0.02,0.02,0.02,0.02
2023-10-09,zachodniopomorskie,Myśliborski,3210,0.00,0.04,28.34,2023-09-30,6.54,0.02,0.02,0.02,0.00,0.02,0.02,0.02,0.02,0.02,0.04,0.04,0.04,0.04,0.04,0.04
2023-10-09,zachodniopomorskie,Policki,3211,0.00,0.10,33.21,2023-09-30,8.16,0.21,0.26,0.21,0.16,0.16,0.19,0.19,0.19,0.16,0.14,0.14,0.16,0.10,0.10,0.10
2023-10-09,zachodniopomorskie,Pyrzycki,3212,0.00,0.04,32.70,2023-09-30,3.92,0.00,0.00,0.00,0.00,0.00,0.00,0.00,0.00,0.00,0.00,0.04,0.04,0.04,0.04,0.04
2023-10-09,zachodniopomorskie,Sławieński,3213,0.00,0.13,34.18,2023-09-30,5.58,0.00,0.00,0.03,0.03,0.05,0.08,0.08,0.08,0.10,0.08,0.10,0.15,0.13,0.13,0.13
2023-10-09,zachodniopomorskie,Stargardzki,3214,0.00,0.11,35.67,2023-09-30,12.01,0.07,0.05,0.07,0.06,0.05,0.05,0.05,0.05,0.04,0.06,0.05,0.07,0.11,0.11,0.11
2023-10-09,zachodniopomorskie,Szczecinecki,3215,0.00,0.00,41.30,2023-09-30,7.73,0.04,0.04,0.02,0.02,0.00,0.00,0.00,0.00,0.00,0.00,0.00,0.00,0.00,0.00,0.00
2023-10-09,zachodniopomorskie,Świdwiński,3216,0.00,0.12,38.37,2023-09-30,4.64,0.03,0.03,0.06,0.03,0.03,0.03,0.03,0.03,0.06,0.09,0.09,0.12,0.12,0.12,0.12
2023-10-09,zachodniopomorskie,Wałecki,3217,0.00,0.00,30.12,2023-09-30,5.27,0.00,0.00,0.00,0.00,0.00,0.00,0.00,0.00,0.00,0.00,0.00,0.00,0.00,0.00,0.00
2023-10-09,zachodniopomorskie,Łobeski,3218,0.00,0.04,63.31,2023-09-30,3.65,0.00,0.00,0.00,0.00,0.00,0.00,0.00,0.00,0.00,0.00,0.00,0.04,0.04,0.04,0.04
2023-10-09,zachodniopomorskie,Koszalin,3261,0.00,0.04,60.53,2023-09-30,10.62,0.04,0.04,0.04,0.05,0.05,0.05,0.05,0.05,0.04,0.05,0.04,0.04,0.04,0.04,0.04
2023-10-09,zachodniopomorskie,Szczecin,3262,0.02510954037,0.08428571429,59.37301478,2023-09-30,39.83,0.10,0.11,0.10,0.10,0.12,0.12,0.12,0.12,0.12,0.12,0.12,0.10,0.08,0.08,0.08
2023-10-09,zachodniopomorskie,Świnoujście,3263,0,0.06857142857,46.21471134,2023-09-30,4.09,0.00,0.03,0.10,0.14,0.14,0.14,0.14,0.14,0.10,0.07,0.03,0.07,0.07,0.07,0.07
