Date,Voivodeships,Districts,Terytorial Code,14D Total Deaths / 10000,7D AVR Infections / 10000,(% ) Booster Dose,Date - Booster Dose,Population / 10000,t14,t13,t12,t11,t10,t9,t8,t7,t6,t5,t4,t3,t2,t1,t
2023-02-23,Entire Country,Entire Country,0000,0.02,0.50,37.96,2023-02-19,3823.19,0.22,0.23,0.25,0.25,0.25,0.28,0.31,0.34,0.36,0.39,0.39,0.40,0.44,0.47,0.50
2023-02-23,dolnośląskie,Bolesławiecki,0201,0.00,0.37,31.75,2023-02-19,8.98,0.17,0.22,0.24,0.24,0.24,0.22,0.22,0.27,0.24,0.27,0.27,0.27,0.33,0.38,0.37
2023-02-23,dolnośląskie,Dzierżoniowski,0202,0.00,0.41,35.00,2023-02-19,9.99,0.14,0.16,0.16,0.17,0.19,0.19,0.27,0.30,0.27,0.37,0.36,0.34,0.41,0.36,0.41
2023-02-23,dolnośląskie,Głogowski,0203,0.00,0.55,42.45,2023-02-19,8.84,0.29,0.43,0.42,0.42,0.42,0.48,0.60,0.63,0.48,0.61,0.63,0.63,0.58,0.48,0.55
2023-02-23,dolnośląskie,Górowski,0204,0.00,0.12,28.22,2023-02-19,3.46,0.00,0.00,0.00,0.00,0.00,0.04,0.04,0.04,0.08,0.08,0.08,0.08,0.08,0.08,0.12
2023-02-23,dolnośląskie,Jaworski,0205,0.00,0.11,35.56,2023-02-19,4.97,0.06,0.06,0.09,0.09,0.09,0.09,0.06,0.06,0.06,0.00,0.00,0.00,0.00,0.11,0.11
2023-02-23,dolnośląskie,Karkonoski,0206,0.00,0.20,29.12,2023-02-19,6.33,0.11,0.11,0.11,0.11,0.11,0.11,0.02,0.02,0.02,0.05,0.05,0.07,0.14,0.20,0.20
2023-02-23,dolnośląskie,Kamiennogórski,0207,0.00,0.30,36.57,2023-02-19,4.28,0.10,0.13,0.13,0.13,0.13,0.10,0.16,0.16,0.13,0.16,0.16,0.16,0.26,0.23,0.30
2023-02-23,dolnośląskie,Kłodzki,0208,0.00,0.28,35.76,2023-02-19,15.63,0.20,0.15,0.15,0.15,0.15,0.16,0.21,0.23,0.26,0.28,0.31,0.33,0.32,0.29,0.28
2023-02-23,dolnośląskie,Legnicki,0209,0.00,0.18,32.09,2023-02-19,5.51,0.08,0.03,0.03,0.03,0.03,0.03,0.00,0.03,0.08,0.10,0.10,0.10,0.10,0.15,0.18
2023-02-23,dolnośląskie,Lubański,0210,0.00,0.47,31.69,2023-02-19,5.39,0.10,0.13,0.16,0.16,0.16,0.16,0.16,0.32,0.26,0.34,0.34,0.34,0.42,0.58,0.47
2023-02-23,dolnośląskie,Lubiński,0211,0.00,0.51,43.62,2023-02-19,10.59,0.17,0.16,0.23,0.23,0.23,0.27,0.32,0.34,0.41,0.35,0.36,0.39,0.35,0.39,0.51
2023-02-23,dolnośląskie,Lwówecki,0212,0.00,0.34,39.34,2023-02-19,4.56,0.13,0.13,0.06,0.06,0.06,0.03,0.03,0.00,0.22,0.25,0.25,0.25,0.25,0.31,0.34
2023-02-23,dolnośląskie,Milicki,0213,0.00,0.35,35.43,2023-02-19,3.68,0.04,0.08,0.04,0.04,0.04,0.12,0.19,0.19,0.19,0.19,0.19,0.19,0.19,0.23,0.35
2023-02-23,dolnośląskie,Oleśnicki,0214,0.00,0.27,52.67,2023-02-19,10.73,0.17,0.17,0.23,0.23,0.23,0.27,0.28,0.31,0.33,0.29,0.29,0.29,0.23,0.23,0.27
2023-02-23,dolnośląskie,Oławski,0215,0.00,0.30,25.52,2023-02-19,4.36,0.13,0.13,0.09,0.09,0.09,0.09,0.11,0.11,0.09,0.13,0.15,0.15,0.26,0.28,0.30
2023-02-23,dolnośląskie,Polkowicki,0216,0.00,0.23,27.42,2023-02-19,6.30,0.18,0.21,0.23,0.25,0.25,0.25,0.27,0.25,0.30,0.30,0.27,0.25,0.23,0.18,0.23
2023-02-23,dolnośląskie,Strzeliński,0217,0.00,0.20,35.67,2023-02-19,4.32,0.30,0.20,0.16,0.16,0.16,0.13,0.13,0.13,0.16,0.16,0.16,0.20,0.16,0.13,0.20
2023-02-23,dolnośląskie,Średzki,0218,0.00,0.26,25.07,2023-02-19,5.55,0.46,0.41,0.36,0.36,0.36,0.44,0.49,0.44,0.46,0.44,0.44,0.44,0.31,0.21,0.26
2023-02-23,dolnośląskie,Świdnicki,0219,0.00,0.39,36.48,2023-02-19,15.60,0.09,0.09,0.11,0.11,0.12,0.15,0.16,0.20,0.22,0.23,0.23,0.22,0.33,0.40,0.39
2023-02-23,dolnośląskie,Trzebnicki,0220,0.00,0.07,32.64,2023-02-19,8.52,0.12,0.10,0.12,0.14,0.14,0.12,0.20,0.22,0.22,0.20,0.18,0.18,0.15,0.07,0.07
2023-02-23,dolnośląskie,Wałbrzyski,0221,0.00,0.33,24.35,2023-02-19,5.51,0.10,0.18,0.13,0.10,0.13,0.18,0.18,0.18,0.21,0.23,0.23,0.21,0.23,0.31,0.33
2023-02-23,dolnośląskie,Wołowski,0222,0.00,0.21,35.13,2023-02-19,4.66,0.18,0.15,0.15,0.18,0.18,0.18,0.18,0.21,0.21,0.21,0.18,0.18,0.24,0.24,0.21
2023-02-23,dolnośląskie,Wrocławski,0223,0.00,0.73,33.01,2023-02-19,15.63,0.23,0.25,0.33,0.31,0.31,0.40,0.43,0.47,0.51,0.55,0.56,0.58,0.61,0.66,0.73
2023-02-23,dolnośląskie,Ząbkowicki,0224,0.00,0.31,34.67,2023-02-19,6.41,0.16,0.25,0.22,0.22,0.27,0.33,0.36,0.42,0.33,0.29,0.29,0.29,0.29,0.29,0.31
2023-02-23,dolnośląskie,Zgorzelecki,0225,0.00,0.35,35.57,2023-02-19,8.84,0.18,0.23,0.24,0.24,0.24,0.24,0.27,0.29,0.27,0.31,0.31,0.31,0.32,0.32,0.35
2023-02-23,dolnośląskie,Złotoryjski,0226,0.00,0.07,37.42,2023-02-19,4.30,0.13,0.07,0.07,0.07,0.07,0.07,0.10,0.07,0.07,0.03,0.03,0.03,0.07,0.07,0.07
2023-02-23,dolnośląskie,Jelenia Góra,0261,0.00,0.09,54.38,2023-02-19,7.83,0.02,0.02,0.04,0.04,0.04,0.07,0.05,0.05,0.13,0.11,0.11,0.11,0.07,0.09,0.09
2023-02-23,dolnośląskie,Legnica,0262,0.00,0.22,43.74,2023-02-19,9.84,0.11,0.10,0.11,0.10,0.10,0.14,0.20,0.17,0.19,0.29,0.30,0.32,0.30,0.24,0.22
2023-02-23,dolnośląskie,Wrocław,0264,0.03,0.40,69.43,2023-02-19,64.19,0.29,0.31,0.32,0.32,0.32,0.31,0.29,0.29,0.26,0.29,0.29,0.29,0.31,0.33,0.40
2023-02-23,dolnośląskie,Wałbrzych,0265,0.00,0.26,55.42,2023-02-19,11.00,0.12,0.12,0.14,0.15,0.15,0.13,0.10,0.10,0.12,0.09,0.10,0.12,0.17,0.22,0.26
2023-02-23,kujawsko-pomorskie,Aleksandrowski,0401,0.00,0.42,45.75,2023-02-19,5.49,0.18,0.23,0.23,0.26,0.26,0.31,0.23,0.29,0.34,0.34,0.31,0.31,0.29,0.34,0.42
2023-02-23,kujawsko-pomorskie,Brodnicki,0402,0.00,0.04,32.81,2023-02-19,7.90,0.02,0.02,0.02,0.02,0.02,0.05,0.05,0.07,0.07,0.09,0.09,0.09,0.04,0.06,0.04
2023-02-23,kujawsko-pomorskie,Bydgoski,0403,0.08,0.55,28.27,2023-02-19,12.04,0.41,0.34,0.28,0.28,0.28,0.36,0.40,0.41,0.50,0.56,0.56,0.56,0.52,0.50,0.55
2023-02-23,kujawsko-pomorskie,Chełmiński,0404,0.00,0.30,37.09,2023-02-19,5.17,0.03,0.05,0.11,0.11,0.14,0.25,0.30,0.33,0.30,0.36,0.36,0.33,0.28,0.28,0.30
2023-02-23,kujawsko-pomorskie,Golubsko-Dobrzyński,0405,0.00,0.89,25.33,2023-02-19,4.49,0.41,0.41,0.48,0.48,0.48,0.57,0.60,0.67,0.70,0.70,0.73,0.73,0.63,0.73,0.89
2023-02-23,kujawsko-pomorskie,Grudziądzki,0406,0.00,0.36,21.36,2023-02-19,4.03,0.21,0.18,0.11,0.11,0.11,0.07,0.04,0.04,0.07,0.18,0.18,0.18,0.21,0.21,0.36
2023-02-23,kujawsko-pomorskie,Inowrocławski,0407,0.06,1.15,30.24,2023-02-19,15.85,0.56,0.55,0.58,0.61,0.62,0.64,0.73,0.78,0.78,0.92,0.90,0.90,0.99,0.92,1.15
2023-02-23,kujawsko-pomorskie,Lipnowski,0408,0.00,0.39,28.67,2023-02-19,6.55,0.24,0.24,0.11,0.09,0.09,0.15,0.17,0.20,0.17,0.28,0.28,0.28,0.28,0.35,0.39
2023-02-23,kujawsko-pomorskie,Mogileński,0409,0.00,0.28,37.23,2023-02-19,4.55,0.22,0.22,0.22,0.22,0.22,0.16,0.19,0.16,0.22,0.22,0.22,0.25,0.28,0.28,0.28
2023-02-23,kujawsko-pomorskie,Nakielski,0410,0.00,0.40,39.17,2023-02-19,8.61,0.10,0.08,0.07,0.07,0.07,0.10,0.08,0.10,0.10,0.21,0.21,0.21,0.30,0.36,0.40
2023-02-23,kujawsko-pomorskie,Radziejowski,0411,0.00,1.07,32.73,2023-02-19,4.00,0.21,0.21,0.25,0.25,0.25,0.39,0.50,0.60,0.71,0.67,0.67,0.71,0.71,0.89,1.07
2023-02-23,kujawsko-pomorskie,Rypiński,0412,0.00,0.20,33.13,2023-02-19,4.34,0.03,0.03,0.03,0.03,0.03,0.07,0.10,0.13,0.20,0.20,0.20,0.20,0.20,0.23,0.20
2023-02-23,kujawsko-pomorskie,Sępoleński,0413,0.00,0.59,36.93,2023-02-19,4.08,0.17,0.10,0.10,0.10,0.17,0.14,0.14,0.14,0.24,0.35,0.35,0.28,0.38,0.49,0.59
2023-02-23,kujawsko-pomorskie,Świecki,0414,0.00,0.33,35.48,2023-02-19,9.87,0.49,0.43,0.48,0.48,0.48,0.39,0.38,0.30,0.32,0.33,0.32,0.32,0.42,0.45,0.33
2023-02-23,kujawsko-pomorskie,Toruński,0415,0.09,0.47,20.30,2023-02-19,10.96,0.39,0.38,0.42,0.43,0.43,0.42,0.44,0.35,0.39,0.37,0.35,0.35,0.35,0.35,0.47
2023-02-23,kujawsko-pomorskie,Tucholski,0416,0.00,0.12,32.99,2023-02-19,4.83,0.12,0.15,0.18,0.18,0.18,0.15,0.12,0.12,0.12,0.12,0.09,0.09,0.15,0.15,0.12
2023-02-23,kujawsko-pomorskie,Wąbrzeski,0417,0.00,1.01,32.59,2023-02-19,3.40,0.25,0.21,0.12,0.12,0.12,0.17,0.25,0.25,0.34,0.38,0.38,0.38,0.75,0.75,1.01
2023-02-23,kujawsko-pomorskie,Włocławski,0418,0.00,1.40,25.15,2023-02-19,8.56,0.33,0.30,0.37,0.37,0.35,0.52,0.73,0.75,0.93,0.95,0.95,0.96,1.18,1.28,1.40
2023-02-23,kujawsko-pomorskie,Żniński,0419,0.14,1.08,24.38,2023-02-19,6.99,0.35,0.43,0.37,0.37,0.37,0.39,0.43,0.53,0.49,0.69,0.69,0.67,0.84,0.94,1.08
2023-02-23,kujawsko-pomorskie,Bydgoszcz,0461,0.15,0.77,63.67,2023-02-19,34.41,0.43,0.40,0.38,0.39,0.39,0.51,0.57,0.67,0.71,0.74,0.74,0.75,0.77,0.78,0.77
2023-02-23,kujawsko-pomorskie,Grudziądz,0462,0.00,0.50,50.08,2023-02-19,9.36,0.21,0.17,0.11,0.11,0.09,0.17,0.17,0.18,0.23,0.26,0.26,0.26,0.33,0.44,0.50
2023-02-23,kujawsko-pomorskie,Toruń,0463,0.05,0.63,61.38,2023-02-19,19.86,0.21,0.21,0.28,0.28,0.28,0.35,0.41,0.46,0.52,0.49,0.50,0.52,0.56,0.61,0.63
2023-02-23,kujawsko-pomorskie,Włocławek,0464,0.28,0.45,47.35,2023-02-19,10.86,0.17,0.20,0.29,0.29,0.27,0.29,0.30,0.38,0.35,0.34,0.33,0.33,0.43,0.47,0.45
2023-02-23,lubelskie,Bialski,0601,0.00,0.27,20.00,2023-02-19,11.00,0.06,0.05,0.08,0.08,0.08,0.17,0.18,0.22,0.23,0.27,0.27,0.27,0.23,0.26,0.27
2023-02-23,lubelskie,Biłgorajski,0602,0.00,1.11,21.38,2023-02-19,10.03,0.43,0.44,0.53,0.55,0.55,0.61,0.80,0.85,0.88,0.99,0.98,0.99,1.09,1.07,1.11
2023-02-23,lubelskie,Chełmski,0603,0.00,0.40,17.24,2023-02-19,7.75,0.07,0.07,0.09,0.09,0.09,0.20,0.20,0.40,0.40,0.50,0.50,0.50,0.48,0.55,0.40
2023-02-23,lubelskie,Hrubieszowski,0604,0.00,0.64,26.53,2023-02-19,6.20,0.11,0.11,0.05,0.05,0.02,0.23,0.30,0.30,0.41,0.43,0.46,0.46,0.50,0.50,0.64
2023-02-23,lubelskie,Janowski,0605,0.00,0.63,18.80,2023-02-19,4.51,0.16,0.09,0.13,0.13,0.13,0.13,0.25,0.35,0.35,0.50,0.50,0.50,0.63,0.57,0.63
2023-02-23,lubelskie,Krasnostawski,0606,0.00,0.25,27.29,2023-02-19,6.26,0.07,0.07,0.11,0.14,0.14,0.16,0.16,0.16,0.18,0.16,0.16,0.16,0.14,0.16,0.25
2023-02-23,lubelskie,Kraśnicki,0607,0.00,0.62,25.54,2023-02-19,9.45,0.09,0.12,0.12,0.14,0.14,0.26,0.35,0.38,0.44,0.48,0.48,0.50,0.56,0.57,0.62
2023-02-23,lubelskie,Lubartowski,0608,0.00,0.55,21.07,2023-02-19,8.79,0.15,0.13,0.19,0.19,0.19,0.18,0.23,0.29,0.42,0.37,0.37,0.37,0.48,0.57,0.55
2023-02-23,lubelskie,Lubelski,0609,0.00,0.90,19.41,2023-02-19,15.65,0.20,0.22,0.31,0.31,0.31,0.39,0.40,0.40,0.50,0.48,0.49,0.51,0.56,0.78,0.90
2023-02-23,lubelskie,Łęczyński,0610,0.00,0.92,21.97,2023-02-19,5.72,0.22,0.27,0.42,0.42,0.45,0.72,0.87,0.92,1.02,1.07,1.07,1.05,0.82,0.82,0.92
2023-02-23,lubelskie,Łukowski,0611,0.00,0.44,18.43,2023-02-19,10.62,0.08,0.08,0.05,0.05,0.05,0.11,0.09,0.12,0.17,0.24,0.24,0.25,0.35,0.43,0.44
2023-02-23,lubelskie,Opolski,0612,0.00,0.34,28.25,2023-02-19,5.87,0.07,0.07,0.07,0.07,0.07,0.10,0.10,0.15,0.17,0.17,0.17,0.19,0.24,0.32,0.34
2023-02-23,lubelskie,Parczewski,0613,0.00,0.50,26.48,2023-02-19,3.44,0.08,0.08,0.08,0.08,0.08,0.04,0.17,0.17,0.21,0.25,0.25,0.25,0.41,0.33,0.50
2023-02-23,lubelskie,Puławski,0614,0.00,1.42,34.65,2023-02-19,11.24,0.35,0.48,0.47,0.47,0.48,0.51,0.60,0.77,0.82,0.95,0.95,0.95,1.09,1.24,1.42
2023-02-23,lubelskie,Radzyński,0615,0.00,0.34,19.09,2023-02-19,5.83,0.10,0.10,0.10,0.10,0.10,0.15,0.19,0.22,0.22,0.29,0.29,0.29,0.32,0.32,0.34
2023-02-23,lubelskie,Rycki,0616,0.00,1.41,34.48,2023-02-19,5.55,0.38,0.38,0.49,0.49,0.49,0.54,0.54,0.77,0.87,1.00,1.00,1.00,1.02,1.33,1.41
2023-02-23,lubelskie,Świdnicki,0617,0.00,0.74,32.56,2023-02-19,7.14,0.14,0.12,0.20,0.20,0.22,0.34,0.42,0.44,0.52,0.64,0.64,0.60,0.66,0.72,0.74
2023-02-23,lubelskie,Tomaszowski,0618,0.00,0.40,23.84,2023-02-19,8.19,0.19,0.17,0.21,0.19,0.19,0.38,0.36,0.40,0.40,0.38,0.40,0.40,0.35,0.38,0.40
2023-02-23,lubelskie,Włodawski,0619,0.00,0.79,32.50,2023-02-19,3.80,0.15,0.15,0.07,0.07,0.07,0.22,0.26,0.37,0.56,0.67,0.67,0.67,0.56,0.79,0.79
2023-02-23,lubelskie,Zamojski,0620,0.00,0.67,16.84,2023-02-19,10.54,0.31,0.31,0.31,0.31,0.32,0.27,0.31,0.39,0.47,0.50,0.50,0.49,0.58,0.62,0.67
2023-02-23,lubelskie,Biała Podlaska,0661,0.00,0.55,43.29,2023-02-19,5.69,0.07,0.07,0.12,0.12,0.12,0.17,0.17,0.17,0.17,0.25,0.25,0.25,0.32,0.45,0.55
2023-02-23,lubelskie,Chełm,0662,0.00,0.81,43.72,2023-02-19,6.11,0.25,0.25,0.32,0.35,0.35,0.44,0.49,0.51,0.53,0.56,0.53,0.53,0.56,0.84,0.81
2023-02-23,lubelskie,Lublin,0663,0.03,0.94,51.39,2023-02-19,33.86,0.28,0.33,0.42,0.43,0.43,0.49,0.54,0.62,0.67,0.71,0.70,0.72,0.90,0.93,0.94
2023-02-23,lubelskie,Zamość,0664,0.00,0.63,51.41,2023-02-19,6.28,0.14,0.16,0.16,0.16,0.18,0.16,0.16,0.27,0.32,0.34,0.41,0.38,0.47,0.59,0.63
2023-02-23,lubuskie,Gorzowski,0801,0.14,0.26,18.43,2023-02-19,7.23,0.48,0.38,0.38,0.38,0.38,0.34,0.34,0.32,0.32,0.32,0.32,0.32,0.30,0.28,0.26
2023-02-23,lubuskie,Krośnieński,0802,0.00,0.16,35.55,2023-02-19,5.46,0.16,0.10,0.10,0.10,0.10,0.13,0.08,0.16,0.21,0.18,0.18,0.21,0.18,0.24,0.16
2023-02-23,lubuskie,Międzyrzecki,0803,0.00,0.12,42.12,2023-02-19,5.71,0.07,0.07,0.02,0.02,0.05,0.05,0.10,0.10,0.12,0.10,0.10,0.07,0.15,0.10,0.12
2023-02-23,lubuskie,Nowosolski,0804,0.12,0.43,44.28,2023-02-19,8.57,0.22,0.22,0.17,0.17,0.17,0.20,0.18,0.25,0.20,0.30,0.30,0.30,0.37,0.40,0.43
2023-02-23,lubuskie,Słubicki,0805,0.00,0.34,35.52,2023-02-19,4.69,0.06,0.06,0.06,0.06,0.06,0.12,0.12,0.21,0.30,0.40,0.40,0.40,0.37,0.43,0.34
2023-02-23,lubuskie,Strzelecko-Drezdenecki,0806,0.00,0.41,36.56,2023-02-19,4.86,0.41,0.32,0.32,0.32,0.32,0.32,0.26,0.44,0.44,0.32,0.32,0.32,0.32,0.38,0.41
2023-02-23,lubuskie,Sulęciński,0807,0.00,0.08,38.82,2023-02-19,3.50,0.00,0.00,0.04,0.04,0.04,0.04,0.08,0.08,0.08,0.04,0.04,0.04,0.08,0.04,0.08
2023-02-23,lubuskie,Świebodziński,0808,0.00,0.39,36.42,2023-02-19,5.55,0.41,0.36,0.39,0.39,0.39,0.41,0.46,0.69,0.64,0.59,0.64,0.62,0.69,0.62,0.39
2023-02-23,lubuskie,Zielonogórski,0809,0.00,0.36,36.79,2023-02-19,7.57,0.21,0.32,0.34,0.34,0.34,0.51,0.59,0.70,0.68,0.66,0.66,0.66,0.57,0.42,0.36
2023-02-23,lubuskie,Żagański,0810,0.00,0.31,41.33,2023-02-19,7.81,0.16,0.18,0.16,0.18,0.18,0.16,0.13,0.15,0.15,0.16,0.14,0.14,0.22,0.24,0.31
2023-02-23,lubuskie,Żarski,0811,0.00,0.66,40.87,2023-02-19,9.54,0.21,0.30,0.31,0.28,0.30,0.39,0.42,0.42,0.37,0.43,0.43,0.42,0.43,0.57,0.66
2023-02-23,lubuskie,Wschowski,0812,0.00,0.11,28.58,2023-02-19,3.86,0.07,0.11,0.11,0.11,0.11,0.15,0.19,0.15,0.15,0.15,0.15,0.15,0.15,0.07,0.11
2023-02-23,lubuskie,Gorzów Wielkopolski,0861,0.00,0.30,56.22,2023-02-19,12.26,0.13,0.12,0.07,0.07,0.07,0.17,0.23,0.24,0.25,0.28,0.28,0.28,0.24,0.23,0.30
2023-02-23,lubuskie,Zielona Góra,0862,0.07,0.43,51.96,2023-02-19,14.09,0.23,0.23,0.29,0.29,0.29,0.25,0.30,0.32,0.38,0.32,0.34,0.36,0.39,0.37,0.43
2023-02-23,łódzkie,Bełchatowski,1001,0.00,0.24,28.23,2023-02-19,11.24,0.03,0.05,0.09,0.09,0.09,0.06,0.11,0.14,0.16,0.16,0.16,0.18,0.20,0.20,0.24
2023-02-23,łódzkie,Kutnowski,1002,0.00,0.37,38.38,2023-02-19,9.55,0.07,0.09,0.09,0.09,0.09,0.10,0.15,0.18,0.21,0.22,0.22,0.27,0.33,0.36,0.37
2023-02-23,łódzkie,Łaski,1003,0.00,0.23,26.71,2023-02-19,4.97,0.03,0.06,0.09,0.09,0.11,0.17,0.17,0.17,0.17,0.17,0.17,0.17,0.14,0.17,0.23
2023-02-23,łódzkie,Łęczycki,1004,0.00,0.46,36.70,2023-02-19,4.93,0.66,0.63,0.69,0.69,0.69,0.29,0.23,0.40,0.43,0.37,0.37,0.34,0.43,0.55,0.46
2023-02-23,łódzkie,Łowicki,1005,0.00,0.55,35.06,2023-02-19,7.76,0.42,0.35,0.37,0.39,0.31,0.42,0.51,0.48,0.57,0.53,0.53,0.53,0.50,0.52,0.55
2023-02-23,łódzkie,Łódzki Wschodni,1006,0.00,0.55,32.39,2023-02-19,7.26,0.08,0.08,0.10,0.10,0.10,0.16,0.22,0.26,0.37,0.39,0.41,0.43,0.45,0.57,0.55
2023-02-23,łódzkie,Opoczyński,1007,0.00,0.07,26.17,2023-02-19,7.55,0.09,0.11,0.13,0.11,0.11,0.11,0.11,0.07,0.07,0.07,0.07,0.07,0.06,0.07,0.07
2023-02-23,łódzkie,Pabianicki,1008,0.17,0.67,47.33,2023-02-19,11.89,0.43,0.38,0.44,0.44,0.43,0.49,0.49,0.52,0.55,0.53,0.54,0.54,0.60,0.56,0.67
2023-02-23,łódzkie,Pajęczański,1009,0.00,0.53,20.85,2023-02-19,5.10,0.11,0.14,0.23,0.25,0.28,0.34,0.39,0.34,0.45,0.45,0.45,0.45,0.53,0.48,0.53
2023-02-23,łódzkie,Piotrkowski,1010,0.00,0.28,19.41,2023-02-19,9.12,0.08,0.14,0.13,0.13,0.13,0.17,0.17,0.28,0.27,0.31,0.31,0.35,0.33,0.31,0.28
2023-02-23,łódzkie,Poddębicki,1011,0.00,0.80,32.26,2023-02-19,4.09,0.24,0.24,0.28,0.28,0.24,0.35,0.45,0.38,0.42,0.45,0.45,0.45,0.38,0.42,0.80
2023-02-23,łódzkie,Radomszczański,1012,0.00,0.26,31.68,2023-02-19,11.17,0.15,0.14,0.14,0.15,0.15,0.19,0.22,0.21,0.28,0.28,0.27,0.27,0.23,0.22,0.26
2023-02-23,łódzkie,Rawski,1013,0.00,0.44,22.44,2023-02-19,4.84,0.09,0.09,0.09,0.12,0.12,0.09,0.12,0.12,0.09,0.12,0.12,0.12,0.30,0.33,0.44
2023-02-23,łódzkie,Sieradzki,1014,0.00,0.68,31.30,2023-02-19,11.69,0.05,0.07,0.11,0.12,0.14,0.22,0.28,0.34,0.42,0.43,0.41,0.46,0.51,0.60,0.68
2023-02-23,łódzkie,Skierniewicki,1015,0.00,0.49,14.50,2023-02-19,3.82,0.19,0.04,0.11,0.11,0.11,0.22,0.26,0.22,0.37,0.37,0.37,0.41,0.34,0.34,0.49
2023-02-23,łódzkie,Tomaszowski,1016,0.09,0.53,31.66,2023-02-19,11.57,0.13,0.12,0.15,0.15,0.16,0.23,0.31,0.33,0.47,0.44,0.46,0.44,0.44,0.44,0.53
2023-02-23,łódzkie,Wieluński,1017,0.00,0.92,36.25,2023-02-19,7.57,0.40,0.40,0.45,0.45,0.45,0.47,0.56,0.66,0.66,0.66,0.68,0.69,0.88,0.96,0.92
2023-02-23,łódzkie,Wieruszowski,1018,0.00,0.71,30.28,2023-02-19,4.20,0.37,0.34,0.34,0.38,0.34,0.41,0.55,0.71,0.75,0.88,0.85,0.85,0.88,0.82,0.71
2023-02-23,łódzkie,Zduńskowolski,1019,0.00,0.73,33.68,2023-02-19,6.61,0.22,0.24,0.30,0.30,0.30,0.37,0.30,0.32,0.47,0.50,0.50,0.50,0.58,0.63,0.73
2023-02-23,łódzkie,Zgierski,1020,0.00,0.35,36.99,2023-02-19,16.59,0.15,0.11,0.15,0.15,0.18,0.21,0.31,0.33,0.37,0.43,0.42,0.39,0.38,0.37,0.35
2023-02-23,łódzkie,Brzeziński,1021,0.00,0.55,33.85,2023-02-19,3.06,0.09,0.19,0.23,0.32,0.32,0.37,0.37,0.37,0.37,0.37,0.28,0.32,0.32,0.46,0.55
2023-02-23,łódzkie,Łódź,1061,0.00,0.83,57.60,2023-02-19,67.22,0.29,0.25,0.26,0.26,0.27,0.34,0.37,0.40,0.49,0.55,0.56,0.56,0.66,0.75,0.83
2023-02-23,łódzkie,Piotrków Trybunalski,1062,0.00,1.04,53.32,2023-02-19,7.23,0.33,0.33,0.37,0.37,0.37,0.47,0.47,0.57,0.67,0.73,0.73,0.73,0.94,0.94,1.04
2023-02-23,łódzkie,Skierniewice,1063,0.21,1.19,56.94,2023-02-19,4.77,0.18,0.21,0.21,0.21,0.21,0.21,0.30,0.36,0.42,0.57,0.57,0.57,0.66,0.89,1.19
2023-02-23,małopolskie,Bocheński,1201,0.00,0.73,29.62,2023-02-19,10.69,0.36,0.40,0.36,0.36,0.37,0.39,0.40,0.45,0.53,0.67,0.68,0.67,0.81,0.76,0.73
2023-02-23,małopolskie,Brzeski,1202,0.00,0.37,23.82,2023-02-19,9.30,0.15,0.15,0.17,0.20,0.23,0.23,0.24,0.27,0.29,0.38,0.35,0.32,0.38,0.37,0.37
2023-02-23,małopolskie,Chrzanowski,1203,0.00,0.54,39.39,2023-02-19,12.37,0.24,0.16,0.10,0.08,0.09,0.18,0.28,0.34,0.41,0.42,0.42,0.42,0.47,0.51,0.54
2023-02-23,małopolskie,Dąbrowski,1204,0.00,0.15,20.74,2023-02-19,5.90,0.00,0.00,0.00,0.00,0.02,0.05,0.05,0.07,0.10,0.10,0.10,0.07,0.10,0.10,0.15
2023-02-23,małopolskie,Gorlicki,1205,0.00,0.49,24.01,2023-02-19,10.85,0.35,0.33,0.35,0.35,0.35,0.41,0.30,0.30,0.34,0.41,0.41,0.41,0.42,0.42,0.49
2023-02-23,małopolskie,Krakowski,1206,0.00,0.33,24.82,2023-02-19,28.14,0.14,0.15,0.17,0.17,0.17,0.18,0.18,0.18,0.21,0.21,0.21,0.22,0.23,0.29,0.33
2023-02-23,małopolskie,Limanowski,1207,0.00,0.30,19.58,2023-02-19,13.21,0.12,0.12,0.11,0.11,0.11,0.13,0.12,0.10,0.11,0.11,0.11,0.12,0.22,0.27,0.30
2023-02-23,małopolskie,Miechowski,1208,0.00,0.73,32.56,2023-02-19,4.85,0.71,0.56,0.59,0.59,0.59,0.50,0.53,0.59,0.70,0.70,0.70,0.70,0.70,0.82,0.73
2023-02-23,małopolskie,Myślenicki,1209,0.00,0.54,25.16,2023-02-19,12.80,0.16,0.18,0.19,0.19,0.19,0.19,0.20,0.21,0.17,0.26,0.29,0.29,0.41,0.49,0.54
2023-02-23,małopolskie,Nowosądecki,1210,0.00,0.25,17.35,2023-02-19,21.71,0.11,0.11,0.17,0.18,0.19,0.26,0.25,0.27,0.24,0.22,0.21,0.21,0.20,0.24,0.25
2023-02-23,małopolskie,Nowotarski,1211,0.00,0.16,19.72,2023-02-19,19.16,0.10,0.10,0.10,0.11,0.11,0.12,0.13,0.16,0.14,0.15,0.14,0.14,0.20,0.17,0.16
2023-02-23,małopolskie,Olkuski,1212,0.00,0.72,38.49,2023-02-19,11.05,0.73,0.64,0.66,0.66,0.66,0.68,0.51,0.49,0.50,0.48,0.49,0.50,0.50,0.63,0.72
2023-02-23,małopolskie,Oświęcimski,1213,0.00,0.37,37.60,2023-02-19,15.27,0.20,0.20,0.20,0.20,0.20,0.21,0.25,0.23,0.27,0.34,0.35,0.36,0.35,0.38,0.37
2023-02-23,małopolskie,Proszowicki,1214,0.00,0.43,31.37,2023-02-19,4.31,0.10,0.07,0.07,0.07,0.07,0.03,0.10,0.10,0.10,0.30,0.30,0.30,0.40,0.40,0.43
2023-02-23,małopolskie,Suski,1215,0.00,0.03,29.92,2023-02-19,8.38,0.12,0.10,0.09,0.09,0.10,0.09,0.09,0.12,0.12,0.12,0.12,0.10,0.09,0.07,0.03
2023-02-23,małopolskie,Tarnowski,1216,0.00,0.36,14.49,2023-02-19,20.12,0.09,0.10,0.12,0.12,0.13,0.15,0.16,0.19,0.21,0.25,0.24,0.24,0.27,0.36,0.36
2023-02-23,małopolskie,Tatrzański,1217,0.00,0.44,19.38,2023-02-19,6.80,0.13,0.13,0.15,0.17,0.19,0.21,0.21,0.21,0.32,0.36,0.36,0.34,0.38,0.44,0.44
2023-02-23,małopolskie,Wadowicki,1218,0.00,0.88,30.71,2023-02-19,15.97,0.38,0.42,0.45,0.45,0.45,0.46,0.49,0.50,0.54,0.55,0.55,0.56,0.70,0.76,0.88
2023-02-23,małopolskie,Wielicki,1219,0.15,0.44,37.67,2023-02-19,13.07,0.11,0.09,0.11,0.13,0.13,0.18,0.20,0.22,0.24,0.31,0.30,0.31,0.34,0.37,0.44
2023-02-23,małopolskie,Kraków,1261,0.01,0.57,63.66,2023-02-19,78.00,0.32,0.32,0.34,0.34,0.34,0.33,0.34,0.40,0.43,0.44,0.44,0.45,0.49,0.55,0.57
2023-02-23,małopolskie,Nowy Sącz,1262,0.00,0.36,36.25,2023-02-19,8.36,0.15,0.09,0.09,0.09,0.09,0.02,0.02,0.00,0.03,0.07,0.07,0.07,0.15,0.27,0.36
2023-02-23,małopolskie,Tarnów,1263,0.00,0.43,48.07,2023-02-19,10.75,0.12,0.14,0.10,0.10,0.12,0.17,0.18,0.24,0.26,0.33,0.34,0.35,0.42,0.46,0.43
2023-02-23,mazowieckie,Białobrzeski,1401,0.00,0.51,28.49,2023-02-19,3.33,0.64,0.64,0.77,0.77,0.81,0.81,0.90,0.90,0.77,0.73,0.73,0.64,0.73,0.56,0.51
2023-02-23,mazowieckie,Ciechanowski,1402,0.00,0.46,31.76,2023-02-19,8.89,0.46,0.45,0.40,0.38,0.41,0.43,0.49,0.54,0.51,0.48,0.49,0.46,0.58,0.53,0.46
2023-02-23,mazowieckie,Garwoliński,1403,0.00,0.37,25.79,2023-02-19,10.86,0.24,0.24,0.25,0.25,0.26,0.24,0.24,0.25,0.24,0.22,0.22,0.22,0.27,0.34,0.37
2023-02-23,mazowieckie,Gostyniński,1404,0.00,0.61,24.80,2023-02-19,4.46,0.13,0.13,0.16,0.16,0.16,0.38,0.41,0.38,0.67,0.70,0.70,0.70,0.45,0.48,0.61
2023-02-23,mazowieckie,Grodziski,1405,0.10,0.52,43.97,2023-02-19,9.75,0.16,0.18,0.19,0.19,0.21,0.29,0.34,0.41,0.41,0.49,0.55,0.55,0.53,0.50,0.52
2023-02-23,mazowieckie,Grójecki,1406,0.00,0.32,34.38,2023-02-19,9.80,0.20,0.22,0.20,0.20,0.22,0.23,0.47,0.52,0.54,0.64,0.62,0.62,0.60,0.39,0.32
2023-02-23,mazowieckie,Kozienicki,1407,0.00,0.57,29.50,2023-02-19,5.96,0.14,0.10,0.07,0.12,0.14,0.21,0.24,0.24,0.24,0.29,0.24,0.24,0.33,0.50,0.57
2023-02-23,mazowieckie,Legionowski,1408,0.00,0.77,44.79,2023-02-19,11.99,0.34,0.29,0.38,0.38,0.40,0.38,0.47,0.53,0.54,0.57,0.60,0.60,0.72,0.72,0.77
2023-02-23,mazowieckie,Lipski,1409,0.00,0.17,24.21,2023-02-19,3.36,0.30,0.21,0.25,0.25,0.25,0.21,0.30,0.30,0.34,0.26,0.26,0.26,0.26,0.17,0.17
2023-02-23,mazowieckie,Łosicki,1410,0.00,0.23,21.59,2023-02-19,3.06,0.05,0.05,0.05,0.05,0.05,0.05,0.00,0.00,0.09,0.09,0.09,0.09,0.14,0.19,0.23
2023-02-23,mazowieckie,Makowski,1411,0.00,0.38,30.62,2023-02-19,4.44,0.06,0.58,0.61,0.61,0.61,0.70,0.77,0.90,0.38,0.38,0.38,0.38,0.51,0.45,0.38
2023-02-23,mazowieckie,Miński,1412,0.06,0.61,32.48,2023-02-19,15.50,0.41,0.44,0.42,0.43,0.42,0.46,0.44,0.48,0.46,0.51,0.53,0.54,0.58,0.62,0.61
2023-02-23,mazowieckie,Mławski,1413,0.14,0.40,29.72,2023-02-19,7.23,0.41,0.34,0.37,0.37,0.37,0.45,0.35,0.37,0.41,0.36,0.40,0.40,0.32,0.36,0.40
2023-02-23,mazowieckie,Nowodworski,1414,0.25,0.58,40.32,2023-02-19,7.93,0.22,0.16,0.13,0.13,0.13,0.14,0.20,0.29,0.36,0.52,0.52,0.52,0.61,0.59,0.58
2023-02-23,mazowieckie,Ostrołęcki,1415,0.00,0.27,16.74,2023-02-19,8.85,0.18,0.15,0.13,0.13,0.11,0.08,0.05,0.03,0.10,0.14,0.14,0.16,0.22,0.26,0.27
2023-02-23,mazowieckie,Ostrowski,1416,0.00,0.26,23.87,2023-02-19,7.18,0.16,0.18,0.20,0.20,0.20,0.26,0.28,0.28,0.22,0.26,0.26,0.26,0.26,0.24,0.26
2023-02-23,mazowieckie,Otwocki,1417,0.00,0.53,38.98,2023-02-19,12.43,0.39,0.40,0.43,0.43,0.42,0.48,0.43,0.45,0.43,0.40,0.42,0.42,0.47,0.52,0.53
2023-02-23,mazowieckie,Piaseczyński,1418,0.00,0.44,58.33,2023-02-19,19.06,0.21,0.20,0.28,0.30,0.31,0.32,0.35,0.36,0.40,0.37,0.36,0.36,0.44,0.46,0.44
2023-02-23,mazowieckie,Płocki,1419,0.00,0.42,21.79,2023-02-19,11.07,0.27,0.23,0.26,0.27,0.28,0.33,0.39,0.41,0.48,0.49,0.49,0.49,0.44,0.44,0.42
2023-02-23,mazowieckie,Płoński,1420,0.00,0.51,27.77,2023-02-19,8.67,0.21,0.21,0.25,0.25,0.21,0.33,0.46,0.53,0.58,0.58,0.61,0.64,0.62,0.58,0.51
2023-02-23,mazowieckie,Pruszkowski,1421,0.00,0.25,44.58,2023-02-19,16.67,0.23,0.27,0.27,0.28,0.31,0.30,0.30,0.28,0.23,0.24,0.26,0.24,0.26,0.24,0.25
2023-02-23,mazowieckie,Przasnyski,1422,0.19,0.19,28.25,2023-02-19,5.21,0.11,0.11,0.14,0.14,0.14,0.16,0.25,0.25,0.25,0.27,0.27,0.27,0.30,0.16,0.19
2023-02-23,mazowieckie,Przysuski,1423,0.00,0.45,25.41,2023-02-19,4.11,0.10,0.10,0.10,0.10,0.10,0.03,0.10,0.17,0.21,0.24,0.24,0.24,0.34,0.45,0.45
2023-02-23,mazowieckie,Pułtuski,1424,0.00,0.25,28.56,2023-02-19,5.17,0.03,0.08,0.08,0.08,0.08,0.08,0.08,0.08,0.03,0.03,0.03,0.03,0.08,0.11,0.25
2023-02-23,mazowieckie,Radomski,1425,0.00,0.31,15.73,2023-02-19,15.22,0.15,0.21,0.25,0.24,0.24,0.24,0.30,0.33,0.31,0.32,0.32,0.32,0.31,0.31,0.31
2023-02-23,mazowieckie,Siedlecki,1426,0.00,0.62,11.02,2023-02-19,8.14,0.40,0.44,0.56,0.58,0.56,0.65,0.70,0.70,0.69,0.70,0.72,0.74,0.69,0.65,0.62
2023-02-23,mazowieckie,Sierpecki,1427,0.00,0.25,27.49,2023-02-19,5.15,0.11,0.11,0.14,0.16,0.16,0.19,0.11,0.19,0.25,0.22,0.19,0.19,0.28,0.30,0.25
2023-02-23,mazowieckie,Sochaczewski,1428,0.00,0.24,35.76,2023-02-19,8.48,0.24,0.24,0.19,0.17,0.17,0.22,0.17,0.17,0.20,0.22,0.22,0.22,0.24,0.29,0.24
2023-02-23,mazowieckie,Sokołowski,1429,0.00,0.45,28.59,2023-02-19,5.33,0.43,0.30,0.38,0.38,0.35,0.29,0.40,0.35,0.40,0.29,0.29,0.32,0.27,0.43,0.45
2023-02-23,mazowieckie,Szydłowiecki,1430,0.00,0.58,19.75,2023-02-19,3.93,0.22,0.18,0.18,0.18,0.22,0.29,0.54,0.69,0.79,0.76,0.76,0.72,0.90,0.76,0.58
2023-02-23,mazowieckie,Warszawski Zachodni,1432,0.00,0.64,51.87,2023-02-19,12.01,0.57,0.70,0.69,0.69,0.69,0.73,0.66,0.62,0.50,0.50,0.50,0.50,0.61,0.64,0.64
2023-02-23,mazowieckie,Węgrowski,1433,0.00,0.13,23.35,2023-02-19,6.54,0.19,0.13,0.13,0.11,0.11,0.09,0.09,0.06,0.09,0.06,0.06,0.06,0.04,0.09,0.13
2023-02-23,mazowieckie,Wołomiński,1434,0.00,0.38,38.96,2023-02-19,25.24,0.18,0.23,0.22,0.22,0.22,0.28,0.27,0.26,0.22,0.26,0.27,0.27,0.30,0.37,0.38
2023-02-23,mazowieckie,Wyszkowski,1435,0.00,0.27,31.95,2023-02-19,7.42,0.29,0.29,0.31,0.31,0.31,0.27,0.27,0.33,0.33,0.27,0.27,0.29,0.33,0.29,0.27
2023-02-23,mazowieckie,Zwoleński,1436,0.28,1.74,19.84,2023-02-19,3.59,0.40,0.52,0.44,0.44,0.44,0.71,1.23,1.39,1.71,2.02,2.02,2.02,1.94,1.82,1.74
2023-02-23,mazowieckie,Żuromiński,1437,0.26,0.37,26.45,2023-02-19,3.82,0.30,0.33,0.30,0.37,0.41,0.37,0.33,0.30,0.26,0.26,0.19,0.15,0.22,0.26,0.37
2023-02-23,mazowieckie,Żyrardowski,1438,0.00,0.17,34.22,2023-02-19,7.54,0.09,0.11,0.13,0.13,0.13,0.11,0.09,0.09,0.07,0.06,0.09,0.11,0.09,0.09,0.17
2023-02-23,mazowieckie,Ostrołęka,1461,0.00,0.25,45.57,2023-02-19,5.17,0.19,0.05,0.03,0.03,0.05,0.08,0.11,0.11,0.11,0.11,0.11,0.08,0.25,0.25,0.25
2023-02-23,mazowieckie,Płock,1462,0.08,0.54,51.70,2023-02-19,11.83,0.44,0.42,0.46,0.47,0.52,0.49,0.55,0.48,0.49,0.53,0.53,0.49,0.54,0.52,0.54
2023-02-23,mazowieckie,Radom,1463,0.00,0.46,39.21,2023-02-19,20.93,0.16,0.22,0.25,0.26,0.26,0.26,0.27,0.30,0.27,0.31,0.31,0.31,0.34,0.41,0.46
2023-02-23,mazowieckie,Siedlce,1464,0.13,0.66,39.92,2023-02-19,7.78,0.26,0.31,0.40,0.40,0.40,0.35,0.44,0.50,0.59,0.62,0.62,0.66,0.71,0.73,0.66
2023-02-23,mazowieckie,Warszawa,1465,0.01,0.44,70.78,2023-02-19,179.42,0.28,0.26,0.29,0.28,0.29,0.33,0.34,0.36,0.37,0.39,0.41,0.40,0.42,0.44,0.44
2023-02-23,opolskie,Brzeski,1601,0.00,0.29,28.67,2023-02-19,8.93,0.03,0.03,0.06,0.08,0.08,0.06,0.06,0.06,0.14,0.14,0.13,0.16,0.16,0.24,0.29
2023-02-23,opolskie,Głubczycki,1602,0.22,0.41,32.86,2023-02-19,4.50,0.06,0.13,0.19,0.19,0.19,0.16,0.19,0.31,0.38,0.31,0.31,0.31,0.41,0.44,0.41
2023-02-23,opolskie,Kędzierzyńsko-Kozielski,1603,0.11,0.37,32.67,2023-02-19,9.30,0.22,0.22,0.23,0.22,0.22,0.31,0.26,0.28,0.37,0.44,0.44,0.43,0.40,0.41,0.37
2023-02-23,opolskie,Kluczborski,1604,0.00,0.77,35.26,2023-02-19,6.50,0.22,0.24,0.26,0.31,0.29,0.33,0.55,0.61,0.63,0.70,0.66,0.68,0.79,0.83,0.77
2023-02-23,opolskie,Krapkowicki,1605,0.00,0.07,51.92,2023-02-19,6.32,0.09,0.09,0.09,0.09,0.07,0.11,0.11,0.11,0.11,0.07,0.09,0.09,0.05,0.07,0.07
2023-02-23,opolskie,Namysłowski,1606,0.00,0.23,32.46,2023-02-19,4.25,0.17,0.17,0.20,0.20,0.20,0.13,0.07,0.13,0.17,0.13,0.13,0.20,0.23,0.23,0.23
2023-02-23,opolskie,Nyski,1607,0.07,0.48,26.85,2023-02-19,13.49,0.27,0.32,0.33,0.33,0.32,0.29,0.24,0.23,0.25,0.19,0.19,0.19,0.22,0.36,0.48
2023-02-23,opolskie,Oleski,1608,0.00,0.40,27.30,2023-02-19,6.38,0.09,0.09,0.05,0.07,0.09,0.11,0.20,0.25,0.27,0.38,0.36,0.36,0.38,0.36,0.40
2023-02-23,opolskie,Opolski,1609,0.00,0.28,23.64,2023-02-19,12.35,0.24,0.18,0.19,0.18,0.18,0.18,0.23,0.25,0.32,0.32,0.32,0.32,0.36,0.32,0.28
2023-02-23,opolskie,Prudnicki,1610,0.00,0.54,27.23,2023-02-19,5.48,0.41,0.41,0.41,0.41,0.41,0.34,0.36,0.39,0.49,0.52,0.54,0.54,0.54,0.57,0.54
2023-02-23,opolskie,Strzelecki,1611,0.00,0.36,31.83,2023-02-19,7.39,0.07,0.11,0.15,0.15,0.15,0.19,0.25,0.27,0.23,0.27,0.27,0.31,0.34,0.36,0.36
2023-02-23,opolskie,Opole,1661,0.00,0.77,57.57,2023-02-19,12.78,0.69,0.51,0.49,0.47,0.48,0.53,0.56,0.55,0.59,0.66,0.68,0.65,0.68,0.70,0.77
2023-02-23,podkarpackie,Bieszczadzki,1801,0.00,0.46,20.31,2023-02-19,2.15,0.07,0.00,0.13,0.13,0.13,0.20,0.20,0.26,0.26,0.20,0.33,0.33,0.40,0.46,0.46
2023-02-23,podkarpackie,Brzozowski,1802,0.00,0.70,17.29,2023-02-19,6.54,0.24,0.22,0.24,0.24,0.24,0.15,0.20,0.20,0.20,0.37,0.39,0.39,0.54,0.52,0.70
2023-02-23,podkarpackie,Dębicki,1803,0.00,0.24,14.67,2023-02-19,13.50,0.05,0.07,0.08,0.07,0.07,0.10,0.14,0.15,0.16,0.19,0.19,0.19,0.21,0.19,0.24
2023-02-23,podkarpackie,Jarosławski,1804,0.00,0.51,21.68,2023-02-19,11.97,0.18,0.20,0.26,0.25,0.27,0.32,0.32,0.36,0.32,0.44,0.45,0.42,0.46,0.45,0.51
2023-02-23,podkarpackie,Jasielski,1805,0.00,0.48,21.41,2023-02-19,11.29,0.06,0.06,0.06,0.08,0.08,0.11,0.16,0.20,0.24,0.26,0.28,0.28,0.36,0.43,0.48
2023-02-23,podkarpackie,Kolbuszowski,1806,0.00,0.14,9.34,2023-02-19,6.20,0.05,0.02,0.02,0.02,0.02,0.02,0.07,0.21,0.32,0.30,0.30,0.32,0.32,0.27,0.14
2023-02-23,podkarpackie,Krośnieński,1807,0.09,0.59,14.67,2023-02-19,11.19,0.32,0.31,0.31,0.31,0.31,0.40,0.48,0.55,0.61,0.65,0.69,0.69,0.60,0.60,0.59
2023-02-23,podkarpackie,Leżajski,1808,0.00,0.91,19.73,2023-02-19,6.90,0.04,0.04,0.06,0.04,0.04,0.08,0.08,0.14,0.23,0.37,0.37,0.37,0.64,0.76,0.91
2023-02-23,podkarpackie,Lubaczowski,1809,0.00,0.28,23.28,2023-02-19,5.47,0.08,0.08,0.05,0.08,0.08,0.13,0.15,0.21,0.18,0.28,0.31,0.31,0.28,0.28,0.28
2023-02-23,podkarpackie,Łańcucki,1810,0.00,0.46,19.32,2023-02-19,8.12,0.11,0.11,0.09,0.09,0.09,0.07,0.07,0.05,0.10,0.17,0.17,0.17,0.30,0.42,0.46
2023-02-23,podkarpackie,Mielecki,1811,0.00,0.31,18.07,2023-02-19,13.64,0.05,0.05,0.06,0.05,0.05,0.07,0.12,0.14,0.15,0.15,0.18,0.21,0.22,0.28,0.31
2023-02-23,podkarpackie,Niżański,1812,0.00,0.24,15.30,2023-02-19,6.62,0.19,0.24,0.21,0.21,0.19,0.26,0.28,0.24,0.21,0.21,0.24,0.26,0.17,0.24,0.24
2023-02-23,podkarpackie,Przemyski,1813,0.00,0.31,8.99,2023-02-19,7.39,0.12,0.14,0.12,0.12,0.12,0.12,0.10,0.16,0.16,0.19,0.19,0.21,0.27,0.29,0.31
2023-02-23,podkarpackie,Przeworski,1814,0.13,0.40,14.69,2023-02-19,7.80,0.29,0.29,0.42,0.40,0.40,0.44,0.53,0.62,0.67,0.55,0.55,0.55,0.57,0.49,0.40
2023-02-23,podkarpackie,Ropczycko-Sędziszowski,1815,0.00,0.52,15.05,2023-02-19,7.46,0.11,0.15,0.21,0.21,0.21,0.21,0.27,0.32,0.36,0.36,0.36,0.36,0.44,0.42,0.52
2023-02-23,podkarpackie,Rzeszowski,1816,0.06,0.45,10.56,2023-02-19,17.06,0.13,0.14,0.18,0.20,0.18,0.25,0.25,0.25,0.28,0.29,0.28,0.30,0.29,0.35,0.45
2023-02-23,podkarpackie,Sanocki,1817,0.00,0.27,19.41,2023-02-19,9.38,0.02,0.02,0.03,0.03,0.03,0.05,0.06,0.08,0.06,0.11,0.11,0.11,0.15,0.23,0.27
2023-02-23,podkarpackie,Stalowowolski,1818,0.00,0.62,22.85,2023-02-19,10.54,0.30,0.35,0.27,0.27,0.27,0.28,0.32,0.35,0.42,0.42,0.43,0.46,0.47,0.51,0.62
2023-02-23,podkarpackie,Strzyżowski,1819,0.00,0.19,16.37,2023-02-19,6.12,0.14,0.12,0.12,0.09,0.07,0.05,0.05,0.07,0.07,0.21,0.21,0.21,0.21,0.19,0.19
2023-02-23,podkarpackie,Tarnobrzeski,1820,0.00,0.41,13.80,2023-02-19,5.27,0.05,0.14,0.19,0.19,0.19,0.22,0.22,0.38,0.38,0.43,0.43,0.43,0.41,0.43,0.41
2023-02-23,podkarpackie,Leski,1821,0.00,0.22,18.15,2023-02-19,2.64,0.05,0.00,0.00,0.00,0.05,0.05,0.05,0.05,0.05,0.05,0.05,0.05,0.11,0.22,0.22
2023-02-23,podkarpackie,Krosno,1861,0.22,0.74,42.05,2023-02-19,4.59,0.47,0.34,0.34,0.31,0.31,0.40,0.28,0.19,0.34,0.34,0.34,0.34,0.37,0.43,0.74
2023-02-23,podkarpackie,Przemyśl,1862,0.00,0.43,40.36,2023-02-19,5.98,0.19,0.21,0.24,0.19,0.19,0.26,0.26,0.33,0.40,0.47,0.47,0.52,0.52,0.47,0.43
2023-02-23,podkarpackie,Rzeszów,1863,0.00,0.73,64.14,2023-02-19,19.66,0.20,0.18,0.20,0.22,0.23,0.24,0.24,0.29,0.41,0.42,0.41,0.41,0.55,0.66,0.73
2023-02-23,podkarpackie,Tarnobrzeg,1864,0.00,0.64,45.09,2023-02-19,4.64,0.12,0.12,0.18,0.15,0.18,0.24,0.30,0.37,0.43,0.46,0.46,0.46,0.58,0.64,0.64
2023-02-23,podlaskie,Augustowski,2001,0.00,1.11,26.37,2023-02-19,5.77,0.37,0.37,0.32,0.35,0.35,0.30,0.30,0.25,0.35,0.45,0.50,0.50,0.77,1.04,1.11
2023-02-23,podlaskie,Białostocki,2002,0.00,0.53,19.73,2023-02-19,15.08,0.17,0.20,0.23,0.24,0.24,0.28,0.28,0.29,0.28,0.30,0.29,0.28,0.33,0.43,0.53
2023-02-23,podlaskie,Bielski,2003,0.00,0.42,26.31,2023-02-19,5.37,0.37,0.39,0.42,0.50,0.61,0.61,0.50,0.55,0.58,0.53,0.45,0.34,0.32,0.42,0.42
2023-02-23,podlaskie,Grajewski,2004,0.00,0.27,19.35,2023-02-19,4.68,0.21,0.15,0.18,0.18,0.18,0.18,0.18,0.18,0.21,0.24,0.24,0.24,0.21,0.21,0.27
2023-02-23,podlaskie,Hajnowski,2005,0.00,0.74,30.64,2023-02-19,4.20,0.27,0.27,0.34,0.34,0.34,0.41,0.44,0.47,0.74,0.64,0.64,0.64,0.68,0.68,0.74
2023-02-23,podlaskie,Kolneński,2006,0.00,0.45,15.50,2023-02-19,3.79,0.41,0.38,0.38,0.38,0.38,0.34,0.30,0.19,0.15,0.19,0.19,0.19,0.26,0.34,0.45
2023-02-23,podlaskie,Łomżyński,2007,0.00,0.17,7.60,2023-02-19,5.08,0.00,0.00,0.00,0.00,0.00,0.03,0.06,0.11,0.11,0.14,0.14,0.14,0.17,0.20,0.17
2023-02-23,podlaskie,Moniecki,2008,0.00,0.18,22.15,2023-02-19,4.01,0.00,0.00,0.00,0.04,0.04,0.07,0.07,0.07,0.11,0.14,0.11,0.11,0.14,0.18,0.18
2023-02-23,podlaskie,Sejneński,2009,0.00,2.09,22.54,2023-02-19,1.97,0.21,0.36,0.36,0.43,0.43,0.57,0.72,0.86,0.79,0.79,0.72,0.72,1.44,1.44,2.09
2023-02-23,podlaskie,Siemiatycki,2010,0.00,0.59,21.67,2023-02-19,4.36,0.13,0.16,0.20,0.20,0.20,0.13,0.07,0.13,0.20,0.33,0.39,0.39,0.49,0.52,0.59
2023-02-23,podlaskie,Sokólski,2011,0.00,0.17,25.86,2023-02-19,6.59,0.02,0.02,0.02,0.02,0.02,0.00,0.02,0.02,0.04,0.09,0.09,0.09,0.11,0.11,0.17
2023-02-23,podlaskie,Suwalski,2012,0.00,0.92,9.99,2023-02-19,3.56,0.08,0.04,0.04,0.04,0.04,0.08,0.08,0.12,0.08,0.36,0.40,0.40,0.52,0.68,0.92
2023-02-23,podlaskie,Wysokomazowiecki,2013,0.00,0.13,25.58,2023-02-19,5.64,0.15,0.18,0.15,0.15,0.13,0.10,0.10,0.08,0.05,0.10,0.10,0.10,0.10,0.10,0.13
2023-02-23,podlaskie,Zambrowski,2014,0.00,0.16,23.70,2023-02-19,4.32,0.10,0.16,0.20,0.20,0.20,0.23,0.23,0.20,0.16,0.13,0.13,0.13,0.20,0.16,0.16
2023-02-23,podlaskie,Białystok,2061,0.03,0.68,50.68,2023-02-19,29.70,0.28,0.28,0.29,0.28,0.27,0.27,0.24,0.28,0.35,0.37,0.37,0.38,0.49,0.60,0.68
2023-02-23,podlaskie,Łomża,2062,0.00,0.18,39.52,2023-02-19,6.26,0.14,0.18,0.16,0.16,0.16,0.18,0.16,0.11,0.09,0.11,0.11,0.11,0.14,0.18,0.18
2023-02-23,podlaskie,Suwałki,2063,0.14,0.96,39.19,2023-02-19,6.96,0.16,0.16,0.08,0.08,0.08,0.10,0.12,0.18,0.22,0.29,0.31,0.31,0.49,0.55,0.96
2023-02-23,pomorskie,Bytowski,2201,0.00,0.58,30.73,2023-02-19,7.91,0.14,0.13,0.13,0.13,0.13,0.13,0.09,0.13,0.11,0.25,0.25,0.25,0.42,0.51,0.58
2023-02-23,pomorskie,Chojnicki,2202,0.00,0.19,38.38,2023-02-19,9.77,0.13,0.13,0.18,0.18,0.19,0.20,0.22,0.19,0.19,0.13,0.13,0.13,0.16,0.16,0.19
2023-02-23,pomorskie,Człuchowski,2203,0.00,0.21,30.43,2023-02-19,5.58,0.10,0.03,0.03,0.03,0.03,0.03,0.03,0.03,0.05,0.05,0.05,0.08,0.18,0.18,0.21
2023-02-23,pomorskie,Gdański,2204,0.00,0.36,35.14,2023-02-19,12.03,0.18,0.20,0.18,0.18,0.18,0.19,0.26,0.33,0.33,0.37,0.37,0.37,0.42,0.37,0.36
2023-02-23,pomorskie,Kartuski,2205,0.00,0.25,25.98,2023-02-19,14.19,0.09,0.10,0.09,0.10,0.09,0.08,0.05,0.05,0.07,0.08,0.09,0.09,0.17,0.24,0.25
2023-02-23,pomorskie,Kościerski,2206,0.00,0.20,33.04,2023-02-19,7.29,0.20,0.20,0.27,0.27,0.27,0.27,0.31,0.33,0.31,0.27,0.31,0.31,0.27,0.24,0.20
2023-02-23,pomorskie,Kwidzyński,2207,0.00,0.19,33.79,2023-02-19,8.30,0.14,0.12,0.12,0.12,0.12,0.14,0.12,0.15,0.14,0.14,0.14,0.15,0.12,0.19,0.19
2023-02-23,pomorskie,Lęborski,2208,0.00,0.33,38.77,2023-02-19,6.61,0.13,0.13,0.11,0.06,0.06,0.13,0.19,0.17,0.17,0.24,0.24,0.24,0.24,0.26,0.33
2023-02-23,pomorskie,Malborski,2209,0.00,1.08,36.30,2023-02-19,6.32,0.09,0.11,0.20,0.20,0.20,0.43,0.54,0.47,0.59,0.68,0.68,0.68,0.88,0.92,1.08
2023-02-23,pomorskie,Nowodworski,2210,0.00,0.48,36.97,2023-02-19,3.54,0.20,0.24,0.32,0.32,0.28,0.24,0.24,0.24,0.28,0.32,0.32,0.32,0.28,0.36,0.48
2023-02-23,pomorskie,Pucki,2211,0.00,0.44,29.06,2023-02-19,8.76,0.26,0.28,0.29,0.29,0.29,0.34,0.34,0.34,0.34,0.44,0.44,0.44,0.42,0.47,0.44
2023-02-23,pomorskie,Słupski,2212,0.10,0.20,23.15,2023-02-19,9.88,0.07,0.06,0.04,0.04,0.04,0.04,0.09,0.10,0.13,0.19,0.19,0.19,0.23,0.20,0.20
2023-02-23,pomorskie,Starogardzki,2213,0.00,0.22,32.89,2023-02-19,12.82,0.07,0.10,0.09,0.08,0.08,0.12,0.13,0.18,0.20,0.21,0.21,0.21,0.22,0.22,0.22
2023-02-23,pomorskie,Tczewski,2214,0.00,0.20,39.35,2023-02-19,11.52,0.06,0.06,0.09,0.09,0.10,0.17,0.20,0.24,0.29,0.31,0.31,0.30,0.23,0.22,0.20
2023-02-23,pomorskie,Wejherowski,2215,0.00,0.20,34.37,2023-02-19,21.95,0.08,0.09,0.09,0.11,0.12,0.09,0.11,0.11,0.13,0.13,0.11,0.11,0.20,0.21,0.20
2023-02-23,pomorskie,Sztumski,2216,0.00,0.49,37.40,2023-02-19,4.11,0.21,0.28,0.28,0.28,0.28,0.28,0.21,0.14,0.10,0.07,0.10,0.10,0.14,0.28,0.49
2023-02-23,pomorskie,Gdańsk,2261,0.04,0.48,66.03,2023-02-19,47.08,0.20,0.20,0.23,0.23,0.23,0.27,0.26,0.27,0.28,0.28,0.28,0.27,0.31,0.44,0.48
2023-02-23,pomorskie,Gdynia,2262,0.00,0.42,61.36,2023-02-19,24.50,0.34,0.34,0.36,0.36,0.36,0.33,0.32,0.31,0.33,0.29,0.30,0.30,0.36,0.37,0.42
2023-02-23,pomorskie,Słupsk,2263,0.00,0.09,59.94,2023-02-19,8.98,0.00,0.00,0.02,0.02,0.02,0.03,0.03,0.06,0.09,0.08,0.08,0.08,0.08,0.09,0.09
2023-02-23,pomorskie,Sopot,2264,0.00,0.48,84.19,2023-02-19,3.53,0.08,0.04,0.04,0.04,0.04,0.08,0.12,0.20,0.24,0.32,0.32,0.32,0.28,0.32,0.48
2023-02-23,śląskie,Będziński,2401,0.00,0.67,38.65,2023-02-19,14.73,0.23,0.24,0.24,0.23,0.23,0.23,0.24,0.24,0.31,0.37,0.40,0.42,0.54,0.62,0.67
2023-02-23,śląskie,Bielski,2402,0.00,1.29,30.19,2023-02-19,16.63,0.68,0.76,0.76,0.78,0.77,0.81,0.83,0.96,0.91,0.93,0.90,0.92,1.06,1.26,1.29
2023-02-23,śląskie,Cieszyński,2403,0.00,0.72,34.52,2023-02-19,17.75,0.31,0.29,0.35,0.34,0.34,0.42,0.46,0.58,0.62,0.69,0.70,0.71,0.72,0.77,0.72
2023-02-23,śląskie,Częstochowski,2404,0.00,0.43,26.71,2023-02-19,13.41,0.14,0.14,0.15,0.15,0.15,0.15,0.19,0.24,0.28,0.33,0.33,0.35,0.41,0.46,0.43
2023-02-23,śląskie,Gliwicki,2405,0.00,0.62,51.74,2023-02-19,11.54,0.35,0.37,0.40,0.40,0.38,0.37,0.38,0.44,0.49,0.54,0.58,0.62,0.66,0.66,0.62
2023-02-23,śląskie,Kłobucki,2406,0.12,0.31,24.50,2023-02-19,8.43,0.15,0.12,0.17,0.17,0.15,0.17,0.15,0.17,0.17,0.15,0.15,0.17,0.26,0.29,0.31
2023-02-23,śląskie,Lubliniecki,2407,0.00,0.84,29.53,2023-02-19,7.61,0.28,0.37,0.47,0.49,0.49,0.56,0.66,0.77,0.81,0.88,0.86,0.86,0.84,0.90,0.84
2023-02-23,śląskie,Mikołowski,2408,0.00,0.78,24.29,2023-02-19,9.92,0.20,0.20,0.20,0.20,0.20,0.42,0.47,0.56,0.60,0.73,0.75,0.75,0.79,0.85,0.78
2023-02-23,śląskie,Myszkowski,2409,0.00,0.40,31.75,2023-02-19,7.05,0.16,0.18,0.16,0.16,0.16,0.14,0.16,0.18,0.22,0.28,0.28,0.30,0.40,0.40,0.40
2023-02-23,śląskie,Pszczyński,2410,0.00,0.96,30.67,2023-02-19,11.18,0.32,0.41,0.48,0.49,0.50,0.58,0.67,0.73,0.83,0.84,0.84,0.86,0.97,1.00,0.96
2023-02-23,śląskie,Raciborski,2411,0.00,0.33,30.49,2023-02-19,10.74,0.19,0.21,0.21,0.21,0.21,0.30,0.40,0.38,0.37,0.36,0.37,0.37,0.34,0.32,0.33
2023-02-23,śląskie,Rybnicki,2412,0.00,0.59,15.17,2023-02-19,7.82,0.46,0.49,0.68,0.68,0.68,0.71,0.69,0.78,0.75,0.71,0.71,0.73,0.69,0.60,0.59
2023-02-23,śląskie,Tarnogórski,2413,0.00,1.22,41.41,2023-02-19,14.08,0.44,0.46,0.54,0.57,0.57,0.60,0.65,0.73,0.93,0.99,0.98,0.98,0.98,1.15,1.22
2023-02-23,śląskie,Bieruńsko-Lędziński,2414,0.00,0.29,28.31,2023-02-19,5.98,0.00,0.00,0.05,0.07,0.07,0.12,0.19,0.24,0.28,0.33,0.31,0.33,0.31,0.24,0.29
2023-02-23,śląskie,Wodzisławski,2415,0.06,0.50,33.21,2023-02-19,15.66,0.29,0.33,0.35,0.35,0.35,0.37,0.44,0.48,0.51,0.52,0.52,0.52,0.58,0.51,0.50
2023-02-23,śląskie,Zawierciański,2416,0.17,0.61,38.59,2023-02-19,11.67,0.26,0.26,0.28,0.27,0.27,0.33,0.41,0.41,0.51,0.56,0.57,0.57,0.59,0.56,0.61
2023-02-23,śląskie,Żywiecki,2417,0.00,1.22,27.33,2023-02-19,15.22,0.45,0.49,0.61,0.62,0.63,0.78,0.91,0.89,0.91,0.93,0.93,0.93,1.05,1.16,1.22
2023-02-23,śląskie,Bielsko-Biała,2461,0.00,1.46,54.42,2023-02-19,16.98,0.35,0.35,0.40,0.40,0.39,0.61,0.76,0.92,1.02,1.13,1.14,1.18,1.22,1.38,1.46
2023-02-23,śląskie,Bytom,2462,0.00,1.21,35.79,2023-02-19,16.33,0.27,0.27,0.40,0.41,0.41,0.55,0.66,0.78,0.96,0.96,0.96,0.96,1.12,1.17,1.21
2023-02-23,śląskie,Chorzów,2463,0.00,0.72,46.88,2023-02-19,10.68,0.27,0.29,0.32,0.29,0.31,0.43,0.48,0.50,0.57,0.60,0.62,0.65,0.75,0.72,0.72
2023-02-23,śląskie,Częstochowa,2464,0.00,0.54,60.55,2023-02-19,21.75,0.19,0.17,0.18,0.19,0.20,0.16,0.20,0.24,0.29,0.35,0.35,0.36,0.46,0.48,0.54
2023-02-23,śląskie,Dąbrowa Górnicza,2465,0.00,0.82,44.77,2023-02-19,11.83,0.25,0.30,0.38,0.38,0.37,0.48,0.56,0.58,0.60,0.55,0.59,0.60,0.65,0.68,0.82
2023-02-23,śląskie,Gliwice,2466,0.00,0.92,49.18,2023-02-19,17.70,0.34,0.35,0.40,0.42,0.42,0.48,0.50,0.56,0.62,0.70,0.70,0.71,0.86,0.87,0.92
2023-02-23,śląskie,Jastrzębie-Zdrój,2467,0.00,1.31,41.52,2023-02-19,8.80,0.82,0.87,0.95,0.97,0.97,1.08,1.00,1.13,1.15,1.13,1.16,1.18,1.18,1.33,1.31
2023-02-23,śląskie,Jaworzno,2468,0.00,0.79,40.25,2023-02-19,9.04,0.25,0.31,0.31,0.31,0.33,0.39,0.44,0.49,0.44,0.44,0.44,0.44,0.58,0.63,0.79
2023-02-23,śląskie,Katowice,2469,0.03,0.73,62.75,2023-02-19,29.06,0.30,0.34,0.36,0.35,0.36,0.45,0.48,0.58,0.56,0.66,0.68,0.69,0.70,0.75,0.73
2023-02-23,śląskie,Mysłowice,2470,0.00,0.54,35.11,2023-02-19,7.46,0.23,0.29,0.33,0.31,0.33,0.33,0.38,0.40,0.42,0.38,0.42,0.44,0.46,0.54,0.54
2023-02-23,śląskie,Piekary Śląskie,2471,0.00,0.86,48.25,2023-02-19,5.47,0.26,0.36,0.42,0.36,0.36,0.41,0.47,0.55,0.49,0.55,0.55,0.55,0.60,0.63,0.86
2023-02-23,śląskie,Ruda Śląska,2472,0.00,1.23,46.26,2023-02-19,13.64,0.56,0.62,0.79,0.78,0.78,0.90,0.96,1.05,1.00,0.99,1.02,1.02,1.19,1.22,1.23
2023-02-23,śląskie,Rybnik,2473,0.00,0.42,35.12,2023-02-19,13.71,0.27,0.31,0.32,0.32,0.33,0.34,0.34,0.29,0.28,0.29,0.29,0.28,0.26,0.29,0.42
2023-02-23,śląskie,Siemianowice Śląskie,2474,0.00,0.64,52.39,2023-02-19,6.63,0.24,0.30,0.26,0.26,0.26,0.39,0.54,0.64,0.69,0.84,0.84,0.84,0.84,0.77,0.64
2023-02-23,śląskie,Sosnowiec,2475,0.00,0.82,53.05,2023-02-19,19.76,0.31,0.37,0.39,0.38,0.40,0.36,0.34,0.47,0.51,0.55,0.57,0.57,0.73,0.81,0.82
2023-02-23,śląskie,Świętochłowice,2476,0.00,1.22,31.45,2023-02-19,4.91,0.23,0.23,0.17,0.17,0.20,0.23,0.29,0.26,0.23,0.32,0.35,0.43,0.67,1.01,1.22
2023-02-23,śląskie,Tychy,2477,0.00,0.47,44.82,2023-02-19,12.69,0.20,0.28,0.28,0.28,0.26,0.34,0.34,0.42,0.38,0.45,0.45,0.49,0.53,0.52,0.47
2023-02-23,śląskie,Zabrze,2478,0.06,1.40,34.20,2023-02-19,17.09,0.46,0.38,0.47,0.45,0.46,0.52,0.64,0.83,1.00,1.12,1.14,1.14,1.31,1.34,1.40
2023-02-23,śląskie,Żory,2479,0.00,1.85,35.94,2023-02-19,6.28,1.05,1.07,1.12,1.07,1.05,1.14,1.25,1.39,1.64,1.73,1.75,1.78,1.89,1.85,1.85
2023-02-23,świętokrzyskie,Buski,2601,0.00,0.06,28.84,2023-02-19,7.11,0.04,0.04,0.02,0.02,0.02,0.00,0.00,0.00,0.00,0.04,0.04,0.04,0.04,0.06,0.06
2023-02-23,świętokrzyskie,Jędrzejowski,2602,0.00,0.50,33.34,2023-02-19,8.49,0.07,0.05,0.07,0.07,0.07,0.10,0.12,0.13,0.22,0.22,0.22,0.22,0.30,0.38,0.50
2023-02-23,świętokrzyskie,Kazimierski,2603,0.00,0.26,27.64,2023-02-19,3.33,0.09,0.09,0.09,0.09,0.09,0.09,0.09,0.09,0.09,0.13,0.13,0.13,0.13,0.17,0.26
2023-02-23,świętokrzyskie,Kielecki,2604,0.05,0.20,20.53,2023-02-19,21.10,0.12,0.14,0.15,0.15,0.13,0.17,0.20,0.18,0.16,0.15,0.15,0.15,0.20,0.19,0.20
2023-02-23,świętokrzyskie,Konecki,2605,0.13,0.29,30.68,2023-02-19,7.91,0.14,0.22,0.25,0.25,0.27,0.23,0.25,0.20,0.16,0.16,0.16,0.16,0.16,0.22,0.29
2023-02-23,świętokrzyskie,Opatowski,2606,0.19,0.36,23.18,2023-02-19,5.15,0.30,0.25,0.36,0.33,0.33,0.36,0.33,0.30,0.38,0.30,0.27,0.27,0.30,0.36,0.36
2023-02-23,świętokrzyskie,Ostrowiecki,2607,0.00,0.38,36.28,2023-02-19,10.77,0.17,0.10,0.10,0.10,0.10,0.10,0.13,0.13,0.20,0.24,0.25,0.26,0.30,0.33,0.38
2023-02-23,świętokrzyskie,Pińczowski,2608,0.00,0.30,28.87,2023-02-19,3.85,0.04,0.00,0.00,0.00,0.04,0.04,0.04,0.04,0.04,0.04,0.07,0.04,0.18,0.18,0.30
2023-02-23,świętokrzyskie,Sandomierski,2609,0.00,0.48,29.49,2023-02-19,7.63,0.39,0.35,0.41,0.39,0.37,0.43,0.37,0.39,0.35,0.33,0.33,0.33,0.39,0.43,0.48
2023-02-23,świętokrzyskie,Skarżyski,2610,0.27,0.62,36.22,2023-02-19,7.32,0.19,0.23,0.31,0.33,0.33,0.37,0.35,0.35,0.47,0.41,0.39,0.37,0.41,0.52,0.62
2023-02-23,świętokrzyskie,Starachowicki,2611,0.34,0.29,30.86,2023-02-19,8.85,0.22,0.25,0.27,0.26,0.30,0.34,0.32,0.39,0.43,0.43,0.45,0.40,0.34,0.35,0.29
2023-02-23,świętokrzyskie,Staszowski,2612,0.00,0.34,21.76,2023-02-19,7.13,0.22,0.20,0.16,0.16,0.16,0.10,0.06,0.18,0.22,0.28,0.28,0.28,0.36,0.38,0.34
2023-02-23,świętokrzyskie,Włoszczowski,2613,0.00,0.48,30.53,2023-02-19,4.47,0.35,0.35,0.26,0.26,0.26,0.13,0.06,0.00,0.06,0.13,0.13,0.13,0.22,0.26,0.48
2023-02-23,świętokrzyskie,Kielce,2661,0.05,0.34,51.34,2023-02-19,19.34,0.18,0.16,0.17,0.17,0.17,0.20,0.24,0.27,0.33,0.32,0.31,0.30,0.30,0.29,0.34
2023-02-23,warmińsko-mazurskie,Bartoszycki,2801,0.00,0.20,36.49,2023-02-19,5.66,0.08,0.08,0.08,0.08,0.08,0.20,0.23,0.30,0.35,0.33,0.33,0.35,0.28,0.28,0.20
2023-02-23,warmińsko-mazurskie,Braniewski,2802,0.00,0.28,31.47,2023-02-19,4.08,0.24,0.21,0.03,0.03,0.03,0.03,0.03,0.00,0.00,0.10,0.10,0.10,0.17,0.21,0.28
2023-02-23,warmińsko-mazurskie,Działdowski,2803,0.00,2.20,34.56,2023-02-19,6.48,0.50,0.46,0.48,0.48,0.46,0.59,0.57,0.62,0.90,0.95,0.97,1.03,1.45,1.89,2.20
2023-02-23,warmińsko-mazurskie,Elbląski,2804,0.00,0.40,26.33,2023-02-19,5.70,0.15,0.15,0.15,0.15,0.15,0.20,0.28,0.28,0.25,0.25,0.25,0.25,0.20,0.25,0.40
2023-02-23,warmińsko-mazurskie,Ełcki,2805,0.00,0.33,33.68,2023-02-19,9.14,0.08,0.09,0.14,0.14,0.14,0.14,0.30,0.33,0.31,0.36,0.36,0.36,0.39,0.27,0.33
2023-02-23,warmińsko-mazurskie,Giżycki,2806,0.00,0.23,38.85,2023-02-19,5.62,0.38,0.41,0.38,0.38,0.35,0.23,0.23,0.20,0.15,0.20,0.20,0.20,0.20,0.23,0.23
2023-02-23,warmińsko-mazurskie,Iławski,2807,0.00,0.65,34.84,2023-02-19,9.26,0.28,0.25,0.29,0.29,0.28,0.35,0.45,0.51,0.57,0.54,0.55,0.55,0.54,0.52,0.65
2023-02-23,warmińsko-mazurskie,Kętrzyński,2808,0.00,0.32,36.38,2023-02-19,6.18,0.16,0.11,0.14,0.14,0.14,0.21,0.16,0.18,0.23,0.23,0.25,0.25,0.28,0.32,0.32
2023-02-23,warmińsko-mazurskie,Lidzbarski,2809,0.00,0.35,29.30,2023-02-19,4.09,0.10,0.17,0.21,0.21,0.21,0.31,0.31,0.35,0.28,0.35,0.35,0.35,0.35,0.38,0.35
2023-02-23,warmińsko-mazurskie,Mrągowski,2810,0.00,0.46,31.01,2023-02-19,4.94,0.23,0.23,0.17,0.14,0.14,0.06,0.09,0.17,0.20,0.23,0.23,0.23,0.35,0.46,0.46
2023-02-23,warmińsko-mazurskie,Nidzicki,2811,0.00,0.92,39.80,2023-02-19,3.26,0.18,0.22,0.22,0.26,0.26,0.35,0.39,0.44,0.44,0.48,0.48,0.48,0.61,0.61,0.92
2023-02-23,warmińsko-mazurskie,Nowomiejski,2812,0.23,1.01,32.48,2023-02-19,4.37,0.13,0.13,0.13,0.13,0.13,0.20,0.23,0.23,0.23,0.56,0.56,0.56,0.62,0.95,1.01
2023-02-23,warmińsko-mazurskie,Olecki,2813,0.00,0.38,28.71,2023-02-19,3.40,0.17,0.17,0.08,0.08,0.08,0.04,0.13,0.17,0.17,0.25,0.25,0.25,0.25,0.25,0.38
2023-02-23,warmińsko-mazurskie,Olsztyński,2814,0.00,0.46,26.76,2023-02-19,12.75,0.16,0.12,0.11,0.11,0.11,0.13,0.18,0.20,0.29,0.34,0.34,0.36,0.45,0.52,0.46
2023-02-23,warmińsko-mazurskie,Ostródzki,2815,0.00,0.40,27.53,2023-02-19,10.35,0.30,0.27,0.34,0.34,0.34,0.38,0.36,0.43,0.45,0.48,0.49,0.52,0.48,0.49,0.40
2023-02-23,warmińsko-mazurskie,Piski,2816,0.00,0.18,28.33,2023-02-19,5.58,0.10,0.10,0.10,0.10,0.08,0.05,0.10,0.18,0.18,0.23,0.23,0.23,0.31,0.26,0.18
2023-02-23,warmińsko-mazurskie,Szczycieński,2817,0.00,0.31,32.46,2023-02-19,6.91,0.02,0.02,0.04,0.04,0.04,0.06,0.06,0.04,0.08,0.08,0.08,0.08,0.19,0.23,0.31
2023-02-23,warmińsko-mazurskie,Gołdapski,2818,0.00,0.27,29.32,2023-02-19,2.65,0.16,0.16,0.16,0.16,0.16,0.05,0.05,0.05,0.16,0.16,0.16,0.16,0.22,0.27,0.27
2023-02-23,warmińsko-mazurskie,Węgorzewski,2819,0.00,0.51,39.16,2023-02-19,2.24,0.13,0.13,0.19,0.19,0.19,0.13,0.06,0.06,0.19,0.25,0.25,0.25,0.32,0.38,0.51
2023-02-23,warmińsko-mazurskie,Elbląg,2861,0.00,0.73,50.07,2023-02-19,11.86,0.12,0.16,0.17,0.17,0.17,0.21,0.26,0.41,0.39,0.48,0.49,0.49,0.57,0.65,0.73
2023-02-23,warmińsko-mazurskie,Olsztyn,2862,0.00,0.38,60.57,2023-02-19,17.12,0.12,0.12,0.12,0.12,0.09,0.11,0.15,0.20,0.25,0.28,0.28,0.29,0.31,0.34,0.38
2023-02-23,wielkopolskie,Chodzieski,3001,0.00,0.40,35.12,2023-02-19,4.68,0.12,0.12,0.12,0.12,0.12,0.09,0.06,0.03,0.03,0.09,0.09,0.09,0.24,0.34,0.40
2023-02-23,wielkopolskie,Czarnkowsko-Trzcianecki,3002,0.12,0.38,38.07,2023-02-19,8.66,0.13,0.12,0.13,0.13,0.13,0.20,0.22,0.25,0.30,0.35,0.35,0.35,0.36,0.38,0.38
2023-02-23,wielkopolskie,Gnieźnieński,3003,0.00,0.54,39.16,2023-02-19,14.51,0.18,0.18,0.25,0.28,0.30,0.40,0.50,0.47,0.48,0.47,0.50,0.47,0.52,0.53,0.54
2023-02-23,wielkopolskie,Gostyński,3004,0.00,0.45,32.93,2023-02-19,7.57,0.15,0.11,0.11,0.11,0.09,0.13,0.11,0.11,0.30,0.32,0.32,0.32,0.30,0.41,0.45
2023-02-23,wielkopolskie,Grodziski,3005,0.00,0.50,25.16,2023-02-19,5.19,0.17,0.17,0.22,0.22,0.22,0.30,0.36,0.36,0.33,0.33,0.33,0.33,0.39,0.47,0.50
2023-02-23,wielkopolskie,Jarociński,3006,0.00,0.24,33.74,2023-02-19,7.14,0.12,0.12,0.14,0.16,0.16,0.16,0.16,0.08,0.10,0.14,0.12,0.16,0.22,0.24,0.24
2023-02-23,wielkopolskie,Kaliski,3007,0.12,0.09,20.92,2023-02-19,8.29,0.05,0.10,0.09,0.10,0.10,0.10,0.09,0.17,0.10,0.14,0.14,0.14,0.15,0.15,0.09
2023-02-23,wielkopolskie,Kępiński,3008,0.00,0.08,25.55,2023-02-19,5.63,0.10,0.10,0.10,0.08,0.08,0.13,0.08,0.05,0.05,0.05,0.05,0.05,0.03,0.03,0.08
2023-02-23,wielkopolskie,Kolski,3009,0.00,0.07,27.78,2023-02-19,8.61,0.07,0.12,0.12,0.12,0.12,0.15,0.13,0.13,0.10,0.10,0.10,0.10,0.10,0.08,0.07
2023-02-23,wielkopolskie,Koniński,3010,0.00,0.52,22.36,2023-02-19,12.99,0.07,0.08,0.12,0.12,0.12,0.19,0.19,0.22,0.24,0.24,0.26,0.27,0.29,0.38,0.52
2023-02-23,wielkopolskie,Kościański,3011,0.00,0.11,37.47,2023-02-19,7.89,0.05,0.02,0.04,0.04,0.04,0.06,0.06,0.07,0.07,0.07,0.07,0.09,0.13,0.13,0.11
2023-02-23,wielkopolskie,Krotoszyński,3012,0.00,0.50,32.36,2023-02-19,7.70,0.30,0.32,0.28,0.28,0.26,0.33,0.22,0.33,0.30,0.41,0.45,0.46,0.43,0.52,0.50
2023-02-23,wielkopolskie,Leszczyński,3013,0.00,0.15,15.79,2023-02-19,5.79,0.02,0.02,0.02,0.02,0.02,0.02,0.02,0.00,0.00,0.02,0.02,0.02,0.07,0.15,0.15
2023-02-23,wielkopolskie,Międzychodzki,3014,0.00,0.23,34.77,2023-02-19,3.66,0.12,0.12,0.12,0.12,0.12,0.12,0.12,0.16,0.16,0.19,0.23,0.23,0.15,0.19,0.23
2023-02-23,wielkopolskie,Nowotomyski,3015,0.00,0.40,34.21,2023-02-19,7.56,0.24,0.28,0.26,0.26,0.26,0.17,0.17,0.17,0.19,0.21,0.21,0.21,0.34,0.40,0.40
2023-02-23,wielkopolskie,Obornicki,3016,0.00,0.12,49.85,2023-02-19,5.98,0.02,0.00,0.02,0.02,0.02,0.05,0.07,0.07,0.07,0.10,0.10,0.10,0.07,0.09,0.12
2023-02-23,wielkopolskie,Ostrowski,3017,0.06,0.16,32.09,2023-02-19,16.14,0.11,0.08,0.11,0.11,0.09,0.12,0.14,0.15,0.16,0.12,0.15,0.17,0.14,0.14,0.16
2023-02-23,wielkopolskie,Ostrzeszowski,3018,0.00,0.21,27.83,2023-02-19,5.53,0.05,0.08,0.10,0.10,0.10,0.10,0.13,0.10,0.15,0.13,0.13,0.13,0.21,0.18,0.21
2023-02-23,wielkopolskie,Pilski,3019,0.07,0.47,37.51,2023-02-19,13.55,0.11,0.17,0.18,0.20,0.20,0.33,0.39,0.44,0.44,0.47,0.46,0.46,0.46,0.48,0.47
2023-02-23,wielkopolskie,Pleszewski,3020,0.00,0.37,36.58,2023-02-19,6.28,0.11,0.14,0.21,0.21,0.23,0.32,0.34,0.41,0.41,0.39,0.41,0.39,0.32,0.34,0.37
2023-02-23,wielkopolskie,Poznański,3021,0.10,0.51,36.02,2023-02-19,40.66,0.23,0.25,0.25,0.26,0.27,0.30,0.29,0.29,0.30,0.36,0.36,0.36,0.43,0.46,0.51
2023-02-23,wielkopolskie,Rawicki,3022,0.00,0.85,40.30,2023-02-19,6.02,0.33,0.35,0.35,0.35,0.35,0.50,0.59,0.50,0.45,0.55,0.55,0.55,0.52,0.59,0.85
2023-02-23,wielkopolskie,Słupecki,3023,0.00,0.27,28.27,2023-02-19,5.90,0.12,0.07,0.07,0.10,0.10,0.07,0.05,0.10,0.10,0.12,0.10,0.10,0.24,0.27,0.27
2023-02-23,wielkopolskie,Szamotulski,3024,0.00,0.11,40.51,2023-02-19,9.17,0.14,0.11,0.16,0.13,0.13,0.17,0.23,0.23,0.23,0.20,0.20,0.19,0.09,0.06,0.11
2023-02-23,wielkopolskie,Średzki,3025,0.34,0.34,38.62,2023-02-19,5.91,0.24,0.22,0.22,0.19,0.24,0.24,0.29,0.34,0.34,0.41,0.41,0.41,0.41,0.39,0.34
2023-02-23,wielkopolskie,Śremski,3026,0.00,0.53,30.29,2023-02-19,6.15,0.09,0.12,0.21,0.21,0.21,0.26,0.37,0.44,0.46,0.44,0.46,0.46,0.49,0.60,0.53
2023-02-23,wielkopolskie,Turecki,3027,0.00,0.14,29.23,2023-02-19,8.36,0.05,0.07,0.09,0.09,0.09,0.14,0.19,0.26,0.24,0.26,0.26,0.26,0.17,0.19,0.14
2023-02-23,wielkopolskie,Wągrowiecki,3028,0.00,0.22,19.28,2023-02-19,7.01,0.08,0.04,0.06,0.06,0.10,0.10,0.10,0.12,0.18,0.20,0.20,0.18,0.20,0.24,0.22
2023-02-23,wielkopolskie,Wolsztyński,3029,0.00,0.62,38.93,2023-02-19,5.74,0.17,0.20,0.20,0.20,0.20,0.25,0.27,0.30,0.25,0.42,0.42,0.42,0.50,0.62,0.62
2023-02-23,wielkopolskie,Wrzesiński,3030,0.00,0.15,37.33,2023-02-19,7.80,0.07,0.04,0.04,0.04,0.04,0.04,0.06,0.07,0.07,0.07,0.07,0.11,0.11,0.15,0.15
2023-02-23,wielkopolskie,Złotowski,3031,0.00,0.27,29.11,2023-02-19,6.92,0.12,0.10,0.10,0.10,0.10,0.12,0.06,0.04,0.06,0.06,0.06,0.06,0.12,0.16,0.27
2023-02-23,wielkopolskie,Kalisz,3061,0.10,0.10,44.89,2023-02-19,9.91,0.01,0.04,0.04,0.07,0.07,0.10,0.09,0.13,0.11,0.11,0.09,0.10,0.10,0.13,0.10
2023-02-23,wielkopolskie,Konin,3062,0.14,0.31,62.50,2023-02-19,7.25,0.27,0.31,0.31,0.33,0.33,0.31,0.47,0.51,0.51,0.53,0.51,0.51,0.35,0.27,0.31
2023-02-23,wielkopolskie,Leszno,3063,0.00,0.34,55.74,2023-02-19,6.29,0.16,0.11,0.14,0.14,0.14,0.11,0.02,0.07,0.11,0.14,0.14,0.14,0.27,0.32,0.34
2023-02-23,wielkopolskie,Poznań,3064,0.11,0.42,89.98,2023-02-19,53.20,0.19,0.19,0.19,0.20,0.20,0.25,0.28,0.31,0.36,0.39,0.38,0.37,0.38,0.37,0.42
2023-02-23,zachodniopomorskie,Białogardzki,3201,0.00,0.24,30.48,2023-02-19,4.73,0.00,0.00,0.00,0.00,0.00,0.00,0.03,0.03,0.06,0.06,0.06,0.06,0.09,0.15,0.24
2023-02-23,zachodniopomorskie,Choszczeński,3202,0.00,0.18,37.81,2023-02-19,4.80,0.09,0.09,0.12,0.12,0.12,0.12,0.09,0.09,0.09,0.06,0.06,0.06,0.15,0.21,0.18
2023-02-23,zachodniopomorskie,Drawski,3203,0.00,0.15,39.45,2023-02-19,5.65,0.30,0.23,0.20,0.20,0.18,0.18,0.10,0.10,0.15,0.13,0.13,0.13,0.13,0.10,0.15
2023-02-23,zachodniopomorskie,Goleniowski,3204,0.00,0.16,35.78,2023-02-19,8.23,0.05,0.05,0.07,0.07,0.07,0.07,0.05,0.05,0.07,0.05,0.05,0.05,0.07,0.17,0.16
2023-02-23,zachodniopomorskie,Gryficki,3205,0.00,0.00,25.18,2023-02-19,5.98,0.00,0.00,0.02,0.05,0.05,0.05,0.07,0.07,0.07,0.05,0.02,0.02,0.02,0.00,0.00
2023-02-23,zachodniopomorskie,Gryfiński,3206,0.00,0.28,31.82,2023-02-19,8.13,0.44,0.46,0.47,0.49,0.49,0.39,0.28,0.23,0.24,0.24,0.26,0.26,0.23,0.26,0.28
2023-02-23,zachodniopomorskie,Kamieński,3207,0.00,0.15,46.78,2023-02-19,4.67,0.09,0.03,0.03,0.03,0.03,0.00,0.00,0.00,0.09,0.09,0.09,0.09,0.12,0.12,0.15
2023-02-23,zachodniopomorskie,Kołobrzeski,3208,0.00,0.38,45.37,2023-02-19,7.93,0.36,0.31,0.33,0.33,0.31,0.40,0.40,0.27,0.27,0.25,0.25,0.25,0.22,0.31,0.38
2023-02-23,zachodniopomorskie,Koszaliński,3209,0.00,0.21,20.31,2023-02-19,6.65,0.24,0.24,0.32,0.32,0.32,0.36,0.34,0.32,0.32,0.19,0.19,0.19,0.15,0.17,0.21
2023-02-23,zachodniopomorskie,Myśliborski,3210,0.00,0.22,28.31,2023-02-19,6.54,0.09,0.09,0.09,0.09,0.09,0.11,0.17,0.17,0.22,0.26,0.26,0.26,0.20,0.20,0.22
2023-02-23,zachodniopomorskie,Policki,3211,0.00,0.46,33.14,2023-02-19,8.16,0.19,0.18,0.18,0.18,0.18,0.12,0.18,0.23,0.23,0.30,0.32,0.30,0.40,0.51,0.46
2023-02-23,zachodniopomorskie,Pyrzycki,3212,0.00,0.07,32.68,2023-02-19,3.92,0.14,0.14,0.11,0.11,0.11,0.11,0.11,0.14,0.14,0.14,0.14,0.14,0.14,0.18,0.07
2023-02-23,zachodniopomorskie,Sławieński,3213,0.00,0.23,34.16,2023-02-19,5.58,0.00,0.03,0.08,0.08,0.08,0.08,0.08,0.10,0.08,0.03,0.05,0.05,0.13,0.18,0.23
2023-02-23,zachodniopomorskie,Stargardzki,3214,0.00,0.17,35.61,2023-02-19,12.01,0.08,0.06,0.07,0.06,0.06,0.07,0.10,0.12,0.17,0.17,0.17,0.17,0.18,0.19,0.17
2023-02-23,zachodniopomorskie,Szczecinecki,3215,0.00,0.41,41.24,2023-02-19,7.73,0.26,0.15,0.33,0.33,0.33,0.39,0.50,0.59,0.76,0.54,0.54,0.54,0.50,0.41,0.41
2023-02-23,zachodniopomorskie,Świdwiński,3216,0.00,0.15,38.36,2023-02-19,4.64,0.21,0.24,0.24,0.24,0.27,0.24,0.24,0.24,0.21,0.24,0.27,0.24,0.24,0.18,0.15
2023-02-23,zachodniopomorskie,Wałecki,3217,0.00,0.22,30.07,2023-02-19,5.27,0.03,0.03,0.03,0.03,0.03,0.05,0.05,0.08,0.08,0.08,0.08,0.08,0.22,0.24,0.22
2023-02-23,zachodniopomorskie,Łobeski,3218,0.00,0.19,63.29,2023-02-19,3.65,0.39,0.39,0.35,0.35,0.35,0.39,0.35,0.08,0.08,0.12,0.15,0.15,0.12,0.19,0.19
2023-02-23,zachodniopomorskie,Koszalin,3261,0.00,0.53,60.36,2023-02-19,10.62,0.29,0.23,0.19,0.19,0.19,0.20,0.19,0.23,0.29,0.32,0.32,0.32,0.39,0.44,0.53
2023-02-23,zachodniopomorskie,Szczecin,3262,0,0.2757142857,59.16159245,2023-02-19,39.83,0.13,0.16,0.20,0.20,0.20,0.23,0.27,0.29,0.31,0.28,0.29,0.29,0.30,0.27,0.28
2023-02-23,zachodniopomorskie,Świnoujście,3263,0,0.3485714286,46.11946859,2023-02-19,4.09,0.17,0.17,0.24,0.21,0.21,0.24,0.28,0.28,0.28,0.21,0.24,0.24,0.28,0.24,0.35
